Date,City,Value,,
2010-01-01,Colombo,584,,
2010-02-01,Colombo,606,,
2010-03-01,Colombo,294,,
2010-04-01,Colombo,224,,
2010-05-01,Colombo,296,,
2010-06-01,Colombo,700,,
2010-07-01,Colombo,1530,,
2010-08-01,Colombo,881,,
2010-09-01,Colombo,312,,
2010-10-01,Colombo,267,,
2010-11-01,Colombo,97,,
2010-12-01,Colombo,146,,
2010-01-01,Gampaha,608,,
2010-02-01,Gampaha,623,,
2010-03-01,Gampaha,306,,
2010-04-01,Gampaha,205,,
2010-05-01,Gampaha,295,,
2010-06-01,Gampaha,381,,
2010-07-01,Gampaha,686,,
2010-08-01,Gampaha,417,,
2010-09-01,Gampaha,174,,
2010-10-01,Gampaha,101,,
2010-11-01,Gampaha,77,,
2010-12-01,Gampaha,87,,
2010-01-01,Kalutara,121,,
2010-02-01,Kalutara,124,,
2010-03-01,Kalutara,119,,
2010-04-01,Kalutara,114,,
2010-05-01,Kalutara,185,,
2010-06-01,Kalutara,294,,
2010-07-01,Kalutara,420,,
2010-08-01,Kalutara,215,,
2010-09-01,Kalutara,122,,
2010-10-01,Kalutara,56,,
2010-11-01,Kalutara,23,,
2010-12-01,Kalutara,19,,
2010-01-01,Kandy,211,,
2010-02-01,Kandy,174,,
2010-03-01,Kandy,116,,
2010-04-01,Kandy,89,,
2010-05-01,Kandy,114,,
2010-06-01,Kandy,176,,
2010-07-01,Kandy,341,,
2010-08-01,Kandy,230,,
2010-09-01,Kandy,91,,
2010-10-01,Kandy,64,,
2010-11-01,Kandy,22,,
2010-12-01,Kandy,16,,
2010-01-01,Matale,138,,
2010-02-01,Matale,113,,
2010-03-01,Matale,35,,
2010-04-01,Matale,46,,
2010-05-01,Matale,35,,
2010-06-01,Matale,35,,
2010-07-01,Matale,97,,
2010-08-01,Matale,43,,
2010-09-01,Matale,23,,
2010-10-01,Matale,21,,
2010-11-01,Matale,19,,
2010-12-01,Matale,45,,
2010-01-01,N eliya,28,,
2010-02-01,N eliya,11,,
2010-03-01,N eliya,15,,
2010-04-01,N eliya,6,,
2010-05-01,N eliya,14,,
2010-06-01,N eliya,13,,
2010-07-01,N eliya,45,,
2010-08-01,N eliya,44,,
2010-09-01,N eliya,21,,
2010-10-01,N eliya,21,,
2010-11-01,N eliya,6,,
2010-12-01,N eliya,3,,
2010-01-01,Galle,36,,
2010-02-01,Galle,79,,
2010-03-01,Galle,86,,
2010-04-01,Galle,115,,
2010-05-01,Galle,83,,
2010-06-01,Galle,145,,
2010-07-01,Galle,228,,
2010-08-01,Galle,169,,
2010-09-01,Galle,105,,
2010-10-01,Galle,49,,
2010-11-01,Galle,11,,
2010-12-01,Galle,7,,
2010-01-01,Hambantota,49,,
2010-02-01,Hambantota,128,,
2010-03-01,Hambantota,85,,
2010-04-01,Hambantota,45,,
2010-05-01,Hambantota,29,,
2010-06-01,Hambantota,82,,
2010-07-01,Hambantota,161,,
2010-08-01,Hambantota,122,,
2010-09-01,Hambantota,67,,
2010-10-01,Hambantota,24,,
2010-11-01,Hambantota,7,,
2010-12-01,Hambantota,10,,
2010-01-01,Matara,36,,
2010-02-01,Matara,44,,
2010-03-01,Matara,41,,
2010-04-01,Matara,29,,
2010-05-01,Matara,28,,
2010-06-01,Matara,67,,
2010-07-01,Matara,148,,
2010-08-01,Matara,110,,
2010-09-01,Matara,62,,
2010-10-01,Matara,25,,
2010-11-01,Matara,15,,
2010-12-01,Matara,9,,
2010-01-01,Jaffna,858,,
2010-02-01,Jaffna,878,,
2010-03-01,Jaffna,170,,
2010-04-01,Jaffna,145,,
2010-05-01,Jaffna,82,,
2010-06-01,Jaffna,237,,
2010-07-01,Jaffna,236,,
2010-08-01,Jaffna,96,,
2010-09-01,Jaffna,40,,
2010-10-01,Jaffna,78,,
2010-11-01,Jaffna,79,,
2010-12-01,Jaffna,121,,
2010-01-01,Kilinochchi,0,,
2010-02-01,Kilinochchi,0,,
2010-03-01,Kilinochchi,0,,
2010-04-01,Kilinochchi,1,,
2010-05-01,Kilinochchi,0,,
2010-06-01,Kilinochchi,4,,
2010-07-01,Kilinochchi,5,,
2010-08-01,Kilinochchi,18,,
2010-09-01,Kilinochchi,12,,
2010-10-01,Kilinochchi,2,,
2010-11-01,Kilinochchi,5,,
2010-12-01,Kilinochchi,6,,
2010-01-01,Mannar,26,,
2010-02-01,Mannar,23,,
2010-03-01,Mannar,14,,
2010-04-01,Mannar,16,,
2010-05-01,Mannar,9,,
2010-06-01,Mannar,55,,
2010-07-01,Mannar,94,,
2010-08-01,Mannar,222,,
2010-09-01,Mannar,62,,
2010-10-01,Mannar,28,,
2010-11-01,Mannar,14,,
2010-12-01,Mannar,5,,
2010-01-01,Vavuniya,336,,
2010-02-01,Vavuniya,91,,
2010-03-01,Vavuniya,40,,
2010-04-01,Vavuniya,14,,
2010-05-01,Vavuniya,6,,
2010-06-01,Vavuniya,21,,
2010-07-01,Vavuniya,27,,
2010-08-01,Vavuniya,22,,
2010-09-01,Vavuniya,12,,
2010-10-01,Vavuniya,3,,
2010-11-01,Vavuniya,3,,
2010-12-01,Vavuniya,4,,
2010-01-01,Mullaitivu,0,,
2010-02-01,Mullaitivu,0,,
2010-03-01,Mullaitivu,0,,
2010-04-01,Mullaitivu,0,,
2010-05-01,Mullaitivu,1,,
2010-06-01,Mullaitivu,0,,
2010-07-01,Mullaitivu,2,,
2010-08-01,Mullaitivu,8,,
2010-09-01,Mullaitivu,7,,
2010-10-01,Mullaitivu,3,,
2010-11-01,Mullaitivu,1,,
2010-12-01,Mullaitivu,1,,
2010-01-01,Batticaloa,305,,
2010-02-01,Batticaloa,314,,
2010-03-01,Batticaloa,202,,
2010-04-01,Batticaloa,184,,
2010-05-01,Batticaloa,48,,
2010-06-01,Batticaloa,59,,
2010-07-01,Batticaloa,59,,
2010-08-01,Batticaloa,25,,
2010-09-01,Batticaloa,4,,
2010-10-01,Batticaloa,8,,
2010-11-01,Batticaloa,13,,
2010-12-01,Batticaloa,29,,
2010-01-01,Ampara,12,,
2010-02-01,Ampara,13,,
2010-03-01,Ampara,25,,
2010-04-01,Ampara,19,,
2010-05-01,Ampara,9,,
2010-06-01,Ampara,6,,
2010-07-01,Ampara,30,,
2010-08-01,Ampara,21,,
2010-09-01,Ampara,19,,
2010-10-01,Ampara,5,,
2010-11-01,Ampara,1,,
2010-12-01,Ampara,8,,
2010-01-01,Trincomalee,233,,
2010-02-01,Trincomalee,283,,
2010-03-01,Trincomalee,145,,
2010-04-01,Trincomalee,60,,
2010-05-01,Trincomalee,22,,
2010-06-01,Trincomalee,38,,
2010-07-01,Trincomalee,89,,
2010-08-01,Trincomalee,46,,
2010-09-01,Trincomalee,21,,
2010-10-01,Trincomalee,17,,
2010-11-01,Trincomalee,11,,
2010-12-01,Trincomalee,22,,
2010-01-01,Kurunegala,197,,
2010-02-01,Kurunegala,142,,
2010-03-01,Kurunegala,99,,
2010-04-01,Kurunegala,54,,
2010-05-01,Kurunegala,100,,
2010-06-01,Kurunegala,151,,
2010-07-01,Kurunegala,300,,
2010-08-01,Kurunegala,214,,
2010-09-01,Kurunegala,78,,
2010-10-01,Kurunegala,47,,
2010-11-01,Kurunegala,21,,
2010-12-01,Kurunegala,26,,
2010-01-01,Puttalam,208,,
2010-02-01,Puttalam,189,,
2010-03-01,Puttalam,86,,
2010-04-01,Puttalam,50,,
2010-05-01,Puttalam,51,,
2010-06-01,Puttalam,106,,
2010-07-01,Puttalam,137,,
2010-08-01,Puttalam,82,,
2010-09-01,Puttalam,49,,
2010-10-01,Puttalam,31,,
2010-11-01,Puttalam,25,,
2010-12-01,Puttalam,45,,
2010-01-01,Anuradhapura,267,,
2010-02-01,Anuradhapura,296,,
2010-03-01,Anuradhapura,131,,
2010-04-01,Anuradhapura,48,,
2010-05-01,Anuradhapura,21,,
2010-06-01,Anuradhapura,38,,
2010-07-01,Anuradhapura,83,,
2010-08-01,Anuradhapura,67,,
2010-09-01,Anuradhapura,60,,
2010-10-01,Anuradhapura,33,,
2010-11-01,Anuradhapura,26,,
2010-12-01,Anuradhapura,40,,
2010-01-01,Polonnaruwa,33,,
2010-02-01,Polonnaruwa,42,,
2010-03-01,Polonnaruwa,34,,
2010-04-01,Polonnaruwa,50,,
2010-05-01,Polonnaruwa,60,,
2010-06-01,Polonnaruwa,61,,
2010-07-01,Polonnaruwa,51,,
2010-08-01,Polonnaruwa,30,,
2010-09-01,Polonnaruwa,21,,
2010-10-01,Polonnaruwa,8,,
2010-11-01,Polonnaruwa,5,,
2010-12-01,Polonnaruwa,7,,
2010-01-01,Badulla,71,,
2010-02-01,Badulla,68,,
2010-03-01,Badulla,49,,
2010-04-01,Badulla,47,,
2010-05-01,Badulla,69,,
2010-06-01,Badulla,118,,
2010-07-01,Badulla,372,,
2010-08-01,Badulla,319,,
2010-09-01,Badulla,120,,
2010-10-01,Badulla,43,,
2010-11-01,Badulla,26,,
2010-12-01,Badulla,40,,
2010-01-01,Moneragala,50,,
2010-02-01,Moneragala,39,,
2010-03-01,Moneragala,55,,
2010-04-01,Moneragala,67,,
2010-05-01,Moneragala,53,,
2010-06-01,Moneragala,93,,
2010-07-01,Moneragala,314,,
2010-08-01,Moneragala,219,,
2010-09-01,Moneragala,65,,
2010-10-01,Moneragala,50,,
2010-11-01,Moneragala,42,,
2010-12-01,Moneragala,24,,
2010-01-01,Rathnapura,93,,
2010-02-01,Rathnapura,141,,
2010-03-01,Rathnapura,234,,
2010-04-01,Rathnapura,270,,
2010-05-01,Rathnapura,274,,
2010-06-01,Rathnapura,432,,
2010-07-01,Rathnapura,492,,
2010-08-01,Rathnapura,438,,
2010-09-01,Rathnapura,246,,
2010-10-01,Rathnapura,118,,
2010-11-01,Rathnapura,53,,
2010-12-01,Rathnapura,46,,
2010-01-01,Kegalle,90,,
2010-02-01,Kegalle,136,,
2010-03-01,Kegalle,76,,
2010-04-01,Kegalle,49,,
2010-05-01,Kegalle,53,,
2010-06-01,Kegalle,117,,
2010-07-01,Kegalle,161,,
2010-08-01,Kegalle,104,,
2010-09-01,Kegalle,64,,
2010-10-01,Kegalle,25,,
2010-11-01,Kegalle,22,,
2010-12-01,Kegalle,21,,
2010-01-01,Kalmunai,215,,
2010-02-01,Kalmunai,174,,
2010-03-01,Kalmunai,71,,
2010-04-01,Kalmunai,57,,
2010-05-01,Kalmunai,13,,
2010-06-01,Kalmunai,8,,
2010-07-01,Kalmunai,5,,
2010-08-01,Kalmunai,9,,
2010-09-01,Kalmunai,6,,
2010-10-01,Kalmunai,10,,
2010-11-01,Kalmunai,23,,
2010-12-01,Kalmunai,15,,
2011-01-01,Colombo,309,,
2011-02-01,Colombo,392,,
2011-03-01,Colombo,340,,
2011-04-01,Colombo,528,,
2011-05-01,Colombo,698,,
2011-06-01,Colombo,1610,,
2011-07-01,Colombo,2085,,
2011-08-01,Colombo,824,,
2011-09-01,Colombo,863,,
2011-10-01,Colombo,599,,
2011-11-01,Colombo,536,,
2011-12-01,Colombo,1339,,
2011-01-01,Gampaha,134,,
2011-02-01,Gampaha,119,,
2011-03-01,Gampaha,141,,
2011-04-01,Gampaha,183,,
2011-05-01,Gampaha,218,,
2011-06-01,Gampaha,537,,
2011-07-01,Gampaha,911,,
2011-08-01,Gampaha,428,,
2011-09-01,Gampaha,367,,
2011-10-01,Gampaha,321,,
2011-11-01,Gampaha,347,,
2011-12-01,Gampaha,668,,
2011-01-01,Kalutara,48,,
2011-02-01,Kalutara,52,,
2011-03-01,Kalutara,57,,
2011-04-01,Kalutara,133,,
2011-05-01,Kalutara,148,,
2011-06-01,Kalutara,185,,
2011-07-01,Kalutara,188,,
2011-08-01,Kalutara,107,,
2011-09-01,Kalutara,93,,
2011-10-01,Kalutara,100,,
2011-11-01,Kalutara,111,,
2011-12-01,Kalutara,194,,
2011-01-01,Kandy,26,,
2011-02-01,Kandy,28,,
2011-03-01,Kandy,32,,
2011-04-01,Kandy,62,,
2011-05-01,Kandy,53,,
2011-06-01,Kandy,81,,
2011-07-01,Kandy,218,,
2011-08-01,Kandy,99,,
2011-09-01,Kandy,251,,
2011-10-01,Kandy,255,,
2011-11-01,Kandy,182,,
2011-12-01,Kandy,348,,
2011-01-01,Matale,10,,
2011-02-01,Matale,18,,
2011-03-01,Matale,16,,
2011-04-01,Matale,20,,
2011-05-01,Matale,37,,
2011-06-01,Matale,53,,
2011-07-01,Matale,66,,
2011-08-01,Matale,25,,
2011-09-01,Matale,26,,
2011-10-01,Matale,17,,
2011-11-01,Matale,21,,
2011-12-01,Matale,56,,
2011-01-01,N eliya,3,,
2011-02-01,N eliya,8,,
2011-03-01,N eliya,9,,
2011-04-01,N eliya,19,,
2011-05-01,N eliya,17,,
2011-06-01,N eliya,20,,
2011-07-01,N eliya,50,,
2011-08-01,N eliya,10,,
2011-09-01,N eliya,31,,
2011-10-01,N eliya,43,,
2011-11-01,N eliya,17,,
2011-12-01,N eliya,25,,
2011-01-01,Galle,7,,
2011-02-01,Galle,19,,
2011-03-01,Galle,30,,
2011-04-01,Galle,57,,
2011-05-01,Galle,98,,
2011-06-01,Galle,112,,
2011-07-01,Galle,168,,
2011-08-01,Galle,100,,
2011-09-01,Galle,96,,
2011-10-01,Galle,50,,
2011-11-01,Galle,49,,
2011-12-01,Galle,93,,
2011-01-01,Hambantota,16,,
2011-02-01,Hambantota,8,,
2011-03-01,Hambantota,27,,
2011-04-01,Hambantota,70,,
2011-05-01,Hambantota,87,,
2011-06-01,Hambantota,48,,
2011-07-01,Hambantota,51,,
2011-08-01,Hambantota,18,,
2011-09-01,Hambantota,19,,
2011-10-01,Hambantota,13,,
2011-11-01,Hambantota,20,,
2011-12-01,Hambantota,39,,
2011-01-01,Matara,14,,
2011-02-01,Matara,18,,
2011-03-01,Matara,35,,
2011-04-01,Matara,55,,
2011-05-01,Matara,57,,
2011-06-01,Matara,51,,
2011-07-01,Matara,83,,
2011-08-01,Matara,27,,
2011-09-01,Matara,63,,
2011-10-01,Matara,72,,
2011-11-01,Matara,141,,
2011-12-01,Matara,179,,
2011-01-01,Jaffna,58,,
2011-02-01,Jaffna,34,,
2011-03-01,Jaffna,24,,
2011-04-01,Jaffna,20,,
2011-05-01,Jaffna,10,,
2011-06-01,Jaffna,16,,
2011-07-01,Jaffna,35,,
2011-08-01,Jaffna,33,,
2011-09-01,Jaffna,46,,
2011-10-01,Jaffna,19,,
2011-11-01,Jaffna,34,,
2011-12-01,Jaffna,71,,
2011-01-01,Kilinochchi,2,,
2011-02-01,Kilinochchi,4,,
2011-03-01,Kilinochchi,10,,
2011-04-01,Kilinochchi,13,,
2011-05-01,Kilinochchi,4,,
2011-06-01,Kilinochchi,3,,
2011-07-01,Kilinochchi,3,,
2011-08-01,Kilinochchi,5,,
2011-09-01,Kilinochchi,8,,
2011-10-01,Kilinochchi,3,,
2011-11-01,Kilinochchi,4,,
2011-12-01,Kilinochchi,7,,
2011-01-01,Mannar,8,,
2011-02-01,Mannar,5,,
2011-03-01,Mannar,4,,
2011-04-01,Mannar,2,,
2011-05-01,Mannar,2,,
2011-06-01,Mannar,2,,
2011-07-01,Mannar,2,,
2011-08-01,Mannar,1,,
2011-09-01,Mannar,0,,
2011-10-01,Mannar,17,,
2011-11-01,Mannar,8,,
2011-12-01,Mannar,49,,
2011-01-01,Vavuniya,13,,
2011-02-01,Vavuniya,3,,
2011-03-01,Vavuniya,15,,
2011-04-01,Vavuniya,5,,
2011-05-01,Vavuniya,7,,
2011-06-01,Vavuniya,11,,
2011-07-01,Vavuniya,8,,
2011-08-01,Vavuniya,2,,
2011-09-01,Vavuniya,3,,
2011-10-01,Vavuniya,3,,
2011-11-01,Vavuniya,4,,
2011-12-01,Vavuniya,7,,
2011-01-01,Mullaitivu,2,,
2011-02-01,Mullaitivu,3,,
2011-03-01,Mullaitivu,0,,
2011-04-01,Mullaitivu,1,,
2011-05-01,Mullaitivu,1,,
2011-06-01,Mullaitivu,7,,
2011-07-01,Mullaitivu,1,,
2011-08-01,Mullaitivu,0,,
2011-09-01,Mullaitivu,0,,
2011-10-01,Mullaitivu,1,,
2011-11-01,Mullaitivu,2,,
2011-12-01,Mullaitivu,1,,
2011-01-01,Batticaloa,31,,
2011-02-01,Batticaloa,41,,
2011-03-01,Batticaloa,104,,
2011-04-01,Batticaloa,185,,
2011-05-01,Batticaloa,141,,
2011-06-01,Batticaloa,112,,
2011-07-01,Batticaloa,53,,
2011-08-01,Batticaloa,21,,
2011-09-01,Batticaloa,35,,
2011-10-01,Batticaloa,123,,
2011-11-01,Batticaloa,289,,
2011-12-01,Batticaloa,558,,
2011-01-01,Ampara,12,,
2011-02-01,Ampara,6,,
2011-03-01,Ampara,2,,
2011-04-01,Ampara,20,,
2011-05-01,Ampara,10,,
2011-06-01,Ampara,29,,
2011-07-01,Ampara,20,,
2011-08-01,Ampara,11,,
2011-09-01,Ampara,24,,
2011-10-01,Ampara,13,,
2011-11-01,Ampara,16,,
2011-12-01,Ampara,33,,
2011-01-01,Trincomalee,7,,
2011-02-01,Trincomalee,17,,
2011-03-01,Trincomalee,25,,
2011-04-01,Trincomalee,25,,
2011-05-01,Trincomalee,12,,
2011-06-01,Trincomalee,19,,
2011-07-01,Trincomalee,21,,
2011-08-01,Trincomalee,6,,
2011-09-01,Trincomalee,10,,
2011-10-01,Trincomalee,3,,
2011-11-01,Trincomalee,8,,
2011-12-01,Trincomalee,24,,
2011-01-01,Kurunegala,31,,
2011-02-01,Kurunegala,49,,
2011-03-01,Kurunegala,60,,
2011-04-01,Kurunegala,59,,
2011-05-01,Kurunegala,91,,
2011-06-01,Kurunegala,116,,
2011-07-01,Kurunegala,178,,
2011-08-01,Kurunegala,84,,
2011-09-01,Kurunegala,84,,
2011-10-01,Kurunegala,71,,
2011-11-01,Kurunegala,82,,
2011-12-01,Kurunegala,135,,
2011-01-01,Puttalam,72,,
2011-02-01,Puttalam,64,,
2011-03-01,Puttalam,49,,
2011-04-01,Puttalam,28,,
2011-05-01,Puttalam,21,,
2011-06-01,Puttalam,52,,
2011-07-01,Puttalam,62,,
2011-08-01,Puttalam,23,,
2011-09-01,Puttalam,31,,
2011-10-01,Puttalam,27,,
2011-11-01,Puttalam,40,,
2011-12-01,Puttalam,102,,
2011-01-01,Anuradhapura,21,,
2011-02-01,Anuradhapura,18,,
2011-03-01,Anuradhapura,14,,
2011-04-01,Anuradhapura,21,,
2011-05-01,Anuradhapura,31,,
2011-06-01,Anuradhapura,39,,
2011-07-01,Anuradhapura,43,,
2011-08-01,Anuradhapura,21,,
2011-09-01,Anuradhapura,22,,
2011-10-01,Anuradhapura,24,,
2011-11-01,Anuradhapura,12,,
2011-12-01,Anuradhapura,33,,
2011-01-01,Polonnaruwa,5,,
2011-02-01,Polonnaruwa,38,,
2011-03-01,Polonnaruwa,20,,
2011-04-01,Polonnaruwa,28,,
2011-05-01,Polonnaruwa,38,,
2011-06-01,Polonnaruwa,44,,
2011-07-01,Polonnaruwa,36,,
2011-08-01,Polonnaruwa,23,,
2011-09-01,Polonnaruwa,18,,
2011-10-01,Polonnaruwa,16,,
2011-11-01,Polonnaruwa,6,,
2011-12-01,Polonnaruwa,32,,
2011-01-01,Badulla,22,,
2011-02-01,Badulla,21,,
2011-03-01,Badulla,15,,
2011-04-01,Badulla,36,,
2011-05-01,Badulla,31,,
2011-06-01,Badulla,65,,
2011-07-01,Badulla,201,,
2011-08-01,Badulla,54,,
2011-09-01,Badulla,46,,
2011-10-01,Badulla,39,,
2011-11-01,Badulla,49,,
2011-12-01,Badulla,53,,
2011-01-01,Moneragala,17,,
2011-02-01,Moneragala,24,,
2011-03-01,Moneragala,15,,
2011-04-01,Moneragala,33,,
2011-05-01,Moneragala,16,,
2011-06-01,Moneragala,18,,
2011-07-01,Moneragala,32,,
2011-08-01,Moneragala,17,,
2011-09-01,Moneragala,34,,
2011-10-01,Moneragala,30,,
2011-11-01,Moneragala,40,,
2011-12-01,Moneragala,36,,
2011-01-01,Rathnapura,47,,
2011-02-01,Rathnapura,38,,
2011-03-01,Rathnapura,40,,
2011-04-01,Rathnapura,113,,
2011-05-01,Rathnapura,89,,
2011-06-01,Rathnapura,118,,
2011-07-01,Rathnapura,153,,
2011-08-01,Rathnapura,86,,
2011-09-01,Rathnapura,117,,
2011-10-01,Rathnapura,87,,
2011-11-01,Rathnapura,91,,
2011-12-01,Rathnapura,181,,
2011-01-01,Kegalle,15,,
2011-02-01,Kegalle,24,,
2011-03-01,Kegalle,28,,
2011-04-01,Kegalle,51,,
2011-05-01,Kegalle,48,,
2011-06-01,Kegalle,120,,
2011-07-01,Kegalle,141,,
2011-08-01,Kegalle,81,,
2011-09-01,Kegalle,156,,
2011-10-01,Kegalle,176,,
2011-11-01,Kegalle,88,,
2011-12-01,Kegalle,152,,
2011-01-01,Kalmunai,3,,
2011-02-01,Kalmunai,1,,
2011-03-01,Kalmunai,6,,
2011-04-01,Kalmunai,4,,
2011-05-01,Kalmunai,2,,
2011-06-01,Kalmunai,3,,
2011-07-01,Kalmunai,8,,
2011-08-01,Kalmunai,0,,
2011-09-01,Kalmunai,2,,
2011-10-01,Kalmunai,5,,
2011-11-01,Kalmunai,6,,
2011-12-01,Kalmunai,48,,
2012-01-01,Colombo,1066,,
2012-02-01,Colombo,744,,
2012-03-01,Colombo,630,,
2012-04-01,Colombo,412,,
2012-05-01,Colombo,583,,
2012-06-01,Colombo,1251,,
2012-07-01,Colombo,1314,,
2012-08-01,Colombo,1231,,
2012-09-01,Colombo,525,,
2012-10-01,Colombo,726,,
2012-11-01,Colombo,853,,
2012-12-01,Colombo,682,,
2012-01-01,Gampaha,847,,
2012-02-01,Gampaha,640,,
2012-03-01,Gampaha,447,,
2012-04-01,Gampaha,367,,
2012-05-01,Gampaha,397,,
2012-06-01,Gampaha,1180,,
2012-07-01,Gampaha,969,,
2012-08-01,Gampaha,884,,
2012-09-01,Gampaha,479,,
2012-10-01,Gampaha,570,,
2012-11-01,Gampaha,737,,
2012-12-01,Gampaha,489,,
2012-01-01,Kalutara,180,,
2012-02-01,Kalutara,260,,
2012-03-01,Kalutara,209,,
2012-04-01,Kalutara,205,,
2012-05-01,Kalutara,182,,
2012-06-01,Kalutara,364,,
2012-07-01,Kalutara,348,,
2012-08-01,Kalutara,339,,
2012-09-01,Kalutara,156,,
2012-10-01,Kalutara,192,,
2012-11-01,Kalutara,213,,
2012-12-01,Kalutara,143,,
2012-01-01,Kandy,270,,
2012-02-01,Kandy,194,,
2012-03-01,Kandy,114,,
2012-04-01,Kandy,122,,
2012-05-01,Kandy,194,,
2012-06-01,Kandy,298,,
2012-07-01,Kandy,287,,
2012-08-01,Kandy,355,,
2012-09-01,Kandy,135,,
2012-10-01,Kandy,177,,
2012-11-01,Kandy,185,,
2012-12-01,Kandy,186,,
2012-01-01,Matale,45,,
2012-02-01,Matale,47,,
2012-03-01,Matale,59,,
2012-04-01,Matale,35,,
2012-05-01,Matale,32,,
2012-06-01,Matale,81,,
2012-07-01,Matale,29,,
2012-08-01,Matale,62,,
2012-09-01,Matale,46,,
2012-10-01,Matale,44,,
2012-11-01,Matale,47,,
2012-12-01,Matale,69,,
2012-01-01,N eliya,24,,
2012-02-01,N eliya,35,,
2012-03-01,N eliya,41,,
2012-04-01,N eliya,25,,
2012-05-01,N eliya,18,,
2012-06-01,N eliya,58,,
2012-07-01,N eliya,30,,
2012-08-01,N eliya,30,,
2012-09-01,N eliya,21,,
2012-10-01,N eliya,17,,
2012-11-01,N eliya,30,,
2012-12-01,N eliya,13,,
2012-01-01,Galle,105,,
2012-02-01,Galle,105,,
2012-03-01,Galle,161,,
2012-04-01,Galle,90,,
2012-05-01,Galle,99,,
2012-06-01,Galle,221,,
2012-07-01,Galle,217,,
2012-08-01,Galle,241,,
2012-09-01,Galle,78,,
2012-10-01,Galle,60,,
2012-11-01,Galle,78,,
2012-12-01,Galle,58,,
2012-01-01,Hambantota,58,,
2012-02-01,Hambantota,66,,
2012-03-01,Hambantota,45,,
2012-04-01,Hambantota,37,,
2012-05-01,Hambantota,31,,
2012-06-01,Hambantota,59,,
2012-07-01,Hambantota,51,,
2012-08-01,Hambantota,78,,
2012-09-01,Hambantota,33,,
2012-10-01,Hambantota,53,,
2012-11-01,Hambantota,60,,
2012-12-01,Hambantota,33,,
2012-01-01,Matara,186,,
2012-02-01,Matara,147,,
2012-03-01,Matara,155,,
2012-04-01,Matara,94,,
2012-05-01,Matara,84,,
2012-06-01,Matara,147,,
2012-07-01,Matara,186,,
2012-08-01,Matara,241,,
2012-09-01,Matara,141,,
2012-10-01,Matara,196,,
2012-11-01,Matara,158,,
2012-12-01,Matara,100,,
2012-01-01,Jaffna,91,,
2012-02-01,Jaffna,40,,
2012-03-01,Jaffna,43,,
2012-04-01,Jaffna,24,,
2012-05-01,Jaffna,27,,
2012-06-01,Jaffna,34,,
2012-07-01,Jaffna,26,,
2012-08-01,Jaffna,36,,
2012-09-01,Jaffna,41,,
2012-10-01,Jaffna,143,,
2012-11-01,Jaffna,205,,
2012-12-01,Jaffna,184,,
2012-01-01,Kilinochchi,8,,
2012-02-01,Kilinochchi,2,,
2012-03-01,Kilinochchi,5,,
2012-04-01,Kilinochchi,3,,
2012-05-01,Kilinochchi,19,,
2012-06-01,Kilinochchi,16,,
2012-07-01,Kilinochchi,8,,
2012-08-01,Kilinochchi,11,,
2012-09-01,Kilinochchi,6,,
2012-10-01,Kilinochchi,2,,
2012-11-01,Kilinochchi,5,,
2012-12-01,Kilinochchi,8,,
2012-01-01,Mannar,38,,
2012-02-01,Mannar,16,,
2012-03-01,Mannar,10,,
2012-04-01,Mannar,9,,
2012-05-01,Mannar,6,,
2012-06-01,Mannar,15,,
2012-07-01,Mannar,19,,
2012-08-01,Mannar,11,,
2012-09-01,Mannar,2,,
2012-10-01,Mannar,6,,
2012-11-01,Mannar,21,,
2012-12-01,Mannar,33,,
2012-01-01,Vavuniya,13,,
2012-02-01,Vavuniya,5,,
2012-03-01,Vavuniya,5,,
2012-04-01,Vavuniya,2,,
2012-05-01,Vavuniya,5,,
2012-06-01,Vavuniya,2,,
2012-07-01,Vavuniya,3,,
2012-08-01,Vavuniya,16,,
2012-09-01,Vavuniya,20,,
2012-10-01,Vavuniya,13,,
2012-11-01,Vavuniya,9,,
2012-12-01,Vavuniya,11,,
2012-01-01,Mullaitivu,2,,
2012-02-01,Mullaitivu,1,,
2012-03-01,Mullaitivu,1,,
2012-04-01,Mullaitivu,1,,
2012-05-01,Mullaitivu,3,,
2012-06-01,Mullaitivu,4,,
2012-07-01,Mullaitivu,5,,
2012-08-01,Mullaitivu,3,,
2012-09-01,Mullaitivu,2,,
2012-10-01,Mullaitivu,0,,
2012-11-01,Mullaitivu,6,,
2012-12-01,Mullaitivu,14,,
2012-01-01,Batticaloa,263,,
2012-02-01,Batticaloa,116,,
2012-03-01,Batticaloa,91,,
2012-04-01,Batticaloa,32,,
2012-05-01,Batticaloa,35,,
2012-06-01,Batticaloa,32,,
2012-07-01,Batticaloa,11,,
2012-08-01,Batticaloa,21,,
2012-09-01,Batticaloa,7,,
2012-10-01,Batticaloa,26,,
2012-11-01,Batticaloa,36,,
2012-12-01,Batticaloa,47,,
2012-01-01,Ampara,18,,
2012-02-01,Ampara,6,,
2012-03-01,Ampara,4,,
2012-04-01,Ampara,9,,
2012-05-01,Ampara,21,,
2012-06-01,Ampara,15,,
2012-07-01,Ampara,29,,
2012-08-01,Ampara,13,,
2012-09-01,Ampara,9,,
2012-10-01,Ampara,11,,
2012-11-01,Ampara,14,,
2012-12-01,Ampara,6,,
2012-01-01,Trincomalee,23,,
2012-02-01,Trincomalee,23,,
2012-03-01,Trincomalee,26,,
2012-04-01,Trincomalee,6,,
2012-05-01,Trincomalee,8,,
2012-06-01,Trincomalee,16,,
2012-07-01,Trincomalee,8,,
2012-08-01,Trincomalee,13,,
2012-09-01,Trincomalee,7,,
2012-10-01,Trincomalee,5,,
2012-11-01,Trincomalee,15,,
2012-12-01,Trincomalee,18,,
2012-01-01,Kurunegala,159,,
2012-02-01,Kurunegala,148,,
2012-03-01,Kurunegala,114,,
2012-04-01,Kurunegala,100,,
2012-05-01,Kurunegala,140,,
2012-06-01,Kurunegala,342,,
2012-07-01,Kurunegala,406,,
2012-08-01,Kurunegala,401,,
2012-09-01,Kurunegala,320,,
2012-10-01,Kurunegala,311,,
2012-11-01,Kurunegala,497,,
2012-12-01,Kurunegala,599,,
2012-01-01,Puttalam,131,,
2012-02-01,Puttalam,101,,
2012-03-01,Puttalam,69,,
2012-04-01,Puttalam,55,,
2012-05-01,Puttalam,98,,
2012-06-01,Puttalam,178,,
2012-07-01,Puttalam,98,,
2012-08-01,Puttalam,142,,
2012-09-01,Puttalam,253,,
2012-10-01,Puttalam,159,,
2012-11-01,Puttalam,251,,
2012-12-01,Puttalam,265,,
2012-01-01,Anuradhapura,38,,
2012-02-01,Anuradhapura,37,,
2012-03-01,Anuradhapura,36,,
2012-04-01,Anuradhapura,26,,
2012-05-01,Anuradhapura,29,,
2012-06-01,Anuradhapura,56,,
2012-07-01,Anuradhapura,31,,
2012-08-01,Anuradhapura,34,,
2012-09-01,Anuradhapura,26,,
2012-10-01,Anuradhapura,27,,
2012-11-01,Anuradhapura,34,,
2012-12-01,Anuradhapura,119,,
2012-01-01,Polonnaruwa,25,,
2012-02-01,Polonnaruwa,27,,
2012-03-01,Polonnaruwa,21,,
2012-04-01,Polonnaruwa,11,,
2012-05-01,Polonnaruwa,17,,
2012-06-01,Polonnaruwa,37,,
2012-07-01,Polonnaruwa,22,,
2012-08-01,Polonnaruwa,38,,
2012-09-01,Polonnaruwa,12,,
2012-10-01,Polonnaruwa,21,,
2012-11-01,Polonnaruwa,15,,
2012-12-01,Polonnaruwa,43,,
2012-01-01,Badulla,40,,
2012-02-01,Badulla,22,,
2012-03-01,Badulla,13,,
2012-04-01,Badulla,11,,
2012-05-01,Badulla,20,,
2012-06-01,Badulla,57,,
2012-07-01,Badulla,48,,
2012-08-01,Badulla,40,,
2012-09-01,Badulla,35,,
2012-10-01,Badulla,41,,
2012-11-01,Badulla,49,,
2012-12-01,Badulla,54,,
2012-01-01,Moneragala,16,,
2012-02-01,Moneragala,23,,
2012-03-01,Moneragala,23,,
2012-04-01,Moneragala,15,,
2012-05-01,Moneragala,22,,
2012-06-01,Moneragala,38,,
2012-07-01,Moneragala,33,,
2012-08-01,Moneragala,36,,
2012-09-01,Moneragala,16,,
2012-10-01,Moneragala,17,,
2012-11-01,Moneragala,29,,
2012-12-01,Moneragala,19,,
2012-01-01,Rathnapura,126,,
2012-02-01,Rathnapura,153,,
2012-03-01,Rathnapura,160,,
2012-04-01,Rathnapura,183,,
2012-05-01,Rathnapura,257,,
2012-06-01,Rathnapura,874,,
2012-07-01,Rathnapura,621,,
2012-08-01,Rathnapura,648,,
2012-09-01,Rathnapura,310,,
2012-10-01,Rathnapura,194,,
2012-11-01,Rathnapura,262,,
2012-12-01,Rathnapura,150,,
2012-01-01,Kegalle,173,,
2012-02-01,Kegalle,144,,
2012-03-01,Kegalle,121,,
2012-04-01,Kegalle,146,,
2012-05-01,Kegalle,213,,
2012-06-01,Kegalle,557,,
2012-07-01,Kegalle,385,,
2012-08-01,Kegalle,331,,
2012-09-01,Kegalle,174,,
2012-10-01,Kegalle,148,,
2012-11-01,Kegalle,156,,
2012-12-01,Kegalle,157,,
2012-01-01,Kalmunai,41,,
2012-02-01,Kalmunai,43,,
2012-03-01,Kalmunai,25,,
2012-04-01,Kalmunai,8,,
2012-05-01,Kalmunai,10,,
2012-06-01,Kalmunai,23,,
2012-07-01,Kalmunai,9,,
2012-08-01,Kalmunai,11,,
2012-09-01,Kalmunai,3,,
2012-10-01,Kalmunai,22,,
2012-11-01,Kalmunai,69,,
2012-12-01,Kalmunai,138,,
2013-01-01,Colombo,757,,
2013-02-01,Colombo,845,,
2013-03-01,Colombo,791,,
2013-04-01,Colombo,610,,
2013-05-01,Colombo,748,,
2013-06-01,Colombo,830,,
2013-07-01,Colombo,1168,,
2013-08-01,Colombo,1298,,
2013-09-01,Colombo,685,,
2013-10-01,Colombo,619,,
2013-11-01,Colombo,1173,,
2013-12-01,Colombo,1259,,
2013-01-01,Gampaha,463,,
2013-02-01,Gampaha,321,,
2013-03-01,Gampaha,289,,
2013-04-01,Gampaha,212,,
2013-05-01,Gampaha,319,,
2013-06-01,Gampaha,273,,
2013-07-01,Gampaha,385,,
2013-08-01,Gampaha,394,,
2013-09-01,Gampaha,245,,
2013-10-01,Gampaha,237,,
2013-11-01,Gampaha,383,,
2013-12-01,Gampaha,308,,
2013-01-01,Kalutara,159,,
2013-02-01,Kalutara,153,,
2013-03-01,Kalutara,168,,
2013-04-01,Kalutara,115,,
2013-05-01,Kalutara,164,,
2013-06-01,Kalutara,140,,
2013-07-01,Kalutara,178,,
2013-08-01,Kalutara,210,,
2013-09-01,Kalutara,148,,
2013-10-01,Kalutara,108,,
2013-11-01,Kalutara,166,,
2013-12-01,Kalutara,219,,
2013-01-01,Kandy,193,,
2013-02-01,Kandy,215,,
2013-03-01,Kandy,134,,
2013-04-01,Kandy,83,,
2013-05-01,Kandy,156,,
2013-06-01,Kandy,186,,
2013-07-01,Kandy,191,,
2013-08-01,Kandy,240,,
2013-09-01,Kandy,110,,
2013-10-01,Kandy,59,,
2013-11-01,Kandy,96,,
2013-12-01,Kandy,100,,
2013-01-01,Matale,48,,
2013-02-01,Matale,47,,
2013-03-01,Matale,49,,
2013-04-01,Matale,32,,
2013-05-01,Matale,30,,
2013-06-01,Matale,37,,
2013-07-01,Matale,52,,
2013-08-01,Matale,66,,
2013-09-01,Matale,32,,
2013-10-01,Matale,24,,
2013-11-01,Matale,39,,
2013-12-01,Matale,39,,
2013-01-01,N eliya,17,,
2013-02-01,N eliya,32,,
2013-03-01,N eliya,30,,
2013-04-01,N eliya,15,,
2013-05-01,N eliya,16,,
2013-06-01,N eliya,21,,
2013-07-01,N eliya,27,,
2013-08-01,N eliya,40,,
2013-09-01,N eliya,13,,
2013-10-01,N eliya,16,,
2013-11-01,N eliya,18,,
2013-12-01,N eliya,27,,
2013-01-01,Galle,57,,
2013-02-01,Galle,60,,
2013-03-01,Galle,92,,
2013-04-01,Galle,57,,
2013-05-01,Galle,108,,
2013-06-01,Galle,100,,
2013-07-01,Galle,84,,
2013-08-01,Galle,93,,
2013-09-01,Galle,79,,
2013-10-01,Galle,34,,
2013-11-01,Galle,68,,
2013-12-01,Galle,108,,
2013-01-01,Hambantota,32,,
2013-02-01,Hambantota,35,,
2013-03-01,Hambantota,40,,
2013-04-01,Hambantota,30,,
2013-05-01,Hambantota,22,,
2013-06-01,Hambantota,21,,
2013-07-01,Hambantota,28,,
2013-08-01,Hambantota,43,,
2013-09-01,Hambantota,23,,
2013-10-01,Hambantota,24,,
2013-11-01,Hambantota,22,,
2013-12-01,Hambantota,25,,
2013-01-01,Matara,48,,
2013-02-01,Matara,75,,
2013-03-01,Matara,65,,
2013-04-01,Matara,28,,
2013-05-01,Matara,36,,
2013-06-01,Matara,31,,
2013-07-01,Matara,54,,
2013-08-01,Matara,34,,
2013-09-01,Matara,27,,
2013-10-01,Matara,19,,
2013-11-01,Matara,32,,
2013-12-01,Matara,37,,
2013-01-01,Jaffna,100,,
2013-02-01,Jaffna,77,,
2013-03-01,Jaffna,84,,
2013-04-01,Jaffna,115,,
2013-05-01,Jaffna,70,,
2013-06-01,Jaffna,30,,
2013-07-01,Jaffna,23,,
2013-08-01,Jaffna,43,,
2013-09-01,Jaffna,35,,
2013-10-01,Jaffna,48,,
2013-11-01,Jaffna,52,,
2013-12-01,Jaffna,125,,
2013-01-01,Kilinochchi,7,,
2013-02-01,Kilinochchi,4,,
2013-03-01,Kilinochchi,7,,
2013-04-01,Kilinochchi,5,,
2013-05-01,Kilinochchi,4,,
2013-06-01,Kilinochchi,7,,
2013-07-01,Kilinochchi,0,,
2013-08-01,Kilinochchi,16,,
2013-09-01,Kilinochchi,7,,
2013-10-01,Kilinochchi,3,,
2013-11-01,Kilinochchi,3,,
2013-12-01,Kilinochchi,6,,
2013-01-01,Mannar,23,,
2013-02-01,Mannar,10,,
2013-03-01,Mannar,7,,
2013-04-01,Mannar,4,,
2013-05-01,Mannar,10,,
2013-06-01,Mannar,2,,
2013-07-01,Mannar,1,,
2013-08-01,Mannar,2,,
2013-09-01,Mannar,4,,
2013-10-01,Mannar,5,,
2013-11-01,Mannar,1,,
2013-12-01,Mannar,1,,
2013-01-01,Vavuniya,11,,
2013-02-01,Vavuniya,8,,
2013-03-01,Vavuniya,12,,
2013-04-01,Vavuniya,3,,
2013-05-01,Vavuniya,8,,
2013-06-01,Vavuniya,6,,
2013-07-01,Vavuniya,7,,
2013-08-01,Vavuniya,4,,
2013-09-01,Vavuniya,4,,
2013-10-01,Vavuniya,5,,
2013-11-01,Vavuniya,10,,
2013-12-01,Vavuniya,15,,
2013-01-01,Mullaitivu,12,,
2013-02-01,Mullaitivu,7,,
2013-03-01,Mullaitivu,17,,
2013-04-01,Mullaitivu,18,,
2013-05-01,Mullaitivu,20,,
2013-06-01,Mullaitivu,12,,
2013-07-01,Mullaitivu,6,,
2013-08-01,Mullaitivu,8,,
2013-09-01,Mullaitivu,9,,
2013-10-01,Mullaitivu,6,,
2013-11-01,Mullaitivu,10,,
2013-12-01,Mullaitivu,2,,
2013-01-01,Batticaloa,52,,
2013-02-01,Batticaloa,74,,
2013-03-01,Batticaloa,93,,
2013-04-01,Batticaloa,67,,
2013-05-01,Batticaloa,79,,
2013-06-01,Batticaloa,48,,
2013-07-01,Batticaloa,32,,
2013-08-01,Batticaloa,26,,
2013-09-01,Batticaloa,19,,
2013-10-01,Batticaloa,22,,
2013-11-01,Batticaloa,14,,
2013-12-01,Batticaloa,30,,
2013-01-01,Ampara,14,,
2013-02-01,Ampara,17,,
2013-03-01,Ampara,20,,
2013-04-01,Ampara,7,,
2013-05-01,Ampara,11,,
2013-06-01,Ampara,15,,
2013-07-01,Ampara,26,,
2013-08-01,Ampara,26,,
2013-09-01,Ampara,25,,
2013-10-01,Ampara,18,,
2013-11-01,Ampara,28,,
2013-12-01,Ampara,35,,
2013-01-01,Trincomalee,25,,
2013-02-01,Trincomalee,45,,
2013-03-01,Trincomalee,31,,
2013-04-01,Trincomalee,23,,
2013-05-01,Trincomalee,20,,
2013-06-01,Trincomalee,5,,
2013-07-01,Trincomalee,15,,
2013-08-01,Trincomalee,13,,
2013-09-01,Trincomalee,5,,
2013-10-01,Trincomalee,4,,
2013-11-01,Trincomalee,7,,
2013-12-01,Trincomalee,14,,
2013-01-01,Kurunegala,720,,
2013-02-01,Kurunegala,485,,
2013-03-01,Kurunegala,303,,
2013-04-01,Kurunegala,134,,
2013-05-01,Kurunegala,194,,
2013-06-01,Kurunegala,195,,
2013-07-01,Kurunegala,154,,
2013-08-01,Kurunegala,163,,
2013-09-01,Kurunegala,105,,
2013-10-01,Kurunegala,104,,
2013-11-01,Kurunegala,98,,
2013-12-01,Kurunegala,117,,
2013-01-01,Puttalam,175,,
2013-02-01,Puttalam,170,,
2013-03-01,Puttalam,98,,
2013-04-01,Puttalam,67,,
2013-05-01,Puttalam,53,,
2013-06-01,Puttalam,56,,
2013-07-01,Puttalam,46,,
2013-08-01,Puttalam,83,,
2013-09-01,Puttalam,39,,
2013-10-01,Puttalam,31,,
2013-11-01,Puttalam,51,,
2013-12-01,Puttalam,55,,
2013-01-01,Anuradhapura,80,,
2013-02-01,Anuradhapura,74,,
2013-03-01,Anuradhapura,90,,
2013-04-01,Anuradhapura,36,,
2013-05-01,Anuradhapura,47,,
2013-06-01,Anuradhapura,28,,
2013-07-01,Anuradhapura,23,,
2013-08-01,Anuradhapura,33,,
2013-09-01,Anuradhapura,38,,
2013-10-01,Anuradhapura,28,,
2013-11-01,Anuradhapura,30,,
2013-12-01,Anuradhapura,63,,
2013-01-01,Polonnaruwa,34,,
2013-02-01,Polonnaruwa,40,,
2013-03-01,Polonnaruwa,47,,
2013-04-01,Polonnaruwa,41,,
2013-05-01,Polonnaruwa,28,,
2013-06-01,Polonnaruwa,19,,
2013-07-01,Polonnaruwa,43,,
2013-08-01,Polonnaruwa,76,,
2013-09-01,Polonnaruwa,47,,
2013-10-01,Polonnaruwa,41,,
2013-11-01,Polonnaruwa,45,,
2013-12-01,Polonnaruwa,46,,
2013-01-01,Badulla,42,,
2013-02-01,Badulla,49,,
2013-03-01,Badulla,45,,
2013-04-01,Badulla,32,,
2013-05-01,Badulla,46,,
2013-06-01,Badulla,46,,
2013-07-01,Badulla,77,,
2013-08-01,Badulla,58,,
2013-09-01,Badulla,38,,
2013-10-01,Badulla,26,,
2013-11-01,Badulla,50,,
2013-12-01,Badulla,33,,
2013-01-01,Moneragala,34,,
2013-02-01,Moneragala,19,,
2013-03-01,Moneragala,27,,
2013-04-01,Moneragala,23,,
2013-05-01,Moneragala,17,,
2013-06-01,Moneragala,18,,
2013-07-01,Moneragala,28,,
2013-08-01,Moneragala,26,,
2013-09-01,Moneragala,19,,
2013-10-01,Moneragala,24,,
2013-11-01,Moneragala,20,,
2013-12-01,Moneragala,16,,
2013-01-01,Rathnapura,131,,
2013-02-01,Rathnapura,148,,
2013-03-01,Rathnapura,220,,
2013-04-01,Rathnapura,217,,
2013-05-01,Rathnapura,253,,
2013-06-01,Rathnapura,185,,
2013-07-01,Rathnapura,169,,
2013-08-01,Rathnapura,146,,
2013-09-01,Rathnapura,90,,
2013-10-01,Rathnapura,44,,
2013-11-01,Rathnapura,70,,
2013-12-01,Rathnapura,56,,
2013-01-01,Kegalle,134,,
2013-02-01,Kegalle,106,,
2013-03-01,Kegalle,99,,
2013-04-01,Kegalle,91,,
2013-05-01,Kegalle,113,,
2013-06-01,Kegalle,104,,
2013-07-01,Kegalle,98,,
2013-08-01,Kegalle,137,,
2013-09-01,Kegalle,62,,
2013-10-01,Kegalle,83,,
2013-11-01,Kegalle,117,,
2013-12-01,Kegalle,93,,
2013-01-01,Kalmunai,94,,
2013-02-01,Kalmunai,142,,
2013-03-01,Kalmunai,138,,
2013-04-01,Kalmunai,44,,
2013-05-01,Kalmunai,42,,
2013-06-01,Kalmunai,12,,
2013-07-01,Kalmunai,9,,
2013-08-01,Kalmunai,4,,
2013-09-01,Kalmunai,4,,
2013-10-01,Kalmunai,4,,
2013-11-01,Kalmunai,8,,
2013-12-01,Kalmunai,3,,
2014-01-01,Colombo,1346,,
2014-02-01,Colombo,684,,
2014-03-01,Colombo,488,,
2014-04-01,Colombo,539,,
2014-05-01,Colombo,1744,,
2014-06-01,Colombo,2289,,
2014-07-01,Colombo,1859,,
2014-08-01,Colombo,1104,,
2014-09-01,Colombo,706,,
2014-10-01,Colombo,1089,,
2014-11-01,Colombo,1448,,
2014-12-01,Colombo,1415,,
2014-01-01,Gampaha,632,,
2014-02-01,Gampaha,279,,
2014-03-01,Gampaha,191,,
2014-04-01,Gampaha,280,,
2014-05-01,Gampaha,921,,
2014-06-01,Gampaha,1111,,
2014-07-01,Gampaha,932,,
2014-08-01,Gampaha,772,,
2014-09-01,Gampaha,569,,
2014-10-01,Gampaha,1015,,
2014-11-01,Gampaha,1111,,
2014-12-01,Gampaha,998,,
2014-01-01,Kalutara,267,,
2014-02-01,Kalutara,175,,
2014-03-01,Kalutara,111,,
2014-04-01,Kalutara,117,,
2014-05-01,Kalutara,241,,
2014-06-01,Kalutara,429,,
2014-07-01,Kalutara,389,,
2014-08-01,Kalutara,239,,
2014-09-01,Kalutara,138,,
2014-10-01,Kalutara,158,,
2014-11-01,Kalutara,182,,
2014-12-01,Kalutara,185,,
2014-01-01,Kandy,93,,
2014-02-01,Kandy,49,,
2014-03-01,Kandy,36,,
2014-04-01,Kandy,47,,
2014-05-01,Kandy,116,,
2014-06-01,Kandy,270,,
2014-07-01,Kandy,223,,
2014-08-01,Kandy,247,,
2014-09-01,Kandy,176,,
2014-10-01,Kandy,289,,
2014-11-01,Kandy,413,,
2014-12-01,Kandy,377,,
2014-01-01,Matale,40,,
2014-02-01,Matale,35,,
2014-03-01,Matale,18,,
2014-04-01,Matale,14,,
2014-05-01,Matale,14,,
2014-06-01,Matale,81,,
2014-07-01,Matale,75,,
2014-08-01,Matale,55,,
2014-09-01,Matale,27,,
2014-10-01,Matale,81,,
2014-11-01,Matale,101,,
2014-12-01,Matale,108,,
2014-01-01,N eliya,27,,
2014-02-01,N eliya,14,,
2014-03-01,N eliya,6,,
2014-04-01,N eliya,11,,
2014-05-01,N eliya,25,,
2014-06-01,N eliya,60,,
2014-07-01,N eliya,39,,
2014-08-01,N eliya,34,,
2014-09-01,N eliya,18,,
2014-10-01,N eliya,29,,
2014-11-01,N eliya,16,,
2014-12-01,N eliya,35,,
2014-01-01,Galle,136,,
2014-02-01,Galle,49,,
2014-03-01,Galle,61,,
2014-04-01,Galle,35,,
2014-05-01,Galle,75,,
2014-06-01,Galle,139,,
2014-07-01,Galle,197,,
2014-08-01,Galle,107,,
2014-09-01,Galle,71,,
2014-10-01,Galle,125,,
2014-11-01,Galle,109,,
2014-12-01,Galle,120,,
2014-01-01,Hambantota,48,,
2014-02-01,Hambantota,34,,
2014-03-01,Hambantota,17,,
2014-04-01,Hambantota,26,,
2014-05-01,Hambantota,42,,
2014-06-01,Hambantota,121,,
2014-07-01,Hambantota,169,,
2014-08-01,Hambantota,36,,
2014-09-01,Hambantota,29,,
2014-10-01,Hambantota,51,,
2014-11-01,Hambantota,39,,
2014-12-01,Hambantota,53,,
2014-01-01,Matara,50,,
2014-02-01,Matara,31,,
2014-03-01,Matara,11,,
2014-04-01,Matara,13,,
2014-05-01,Matara,22,,
2014-06-01,Matara,63,,
2014-07-01,Matara,112,,
2014-08-01,Matara,82,,
2014-09-01,Matara,93,,
2014-10-01,Matara,130,,
2014-11-01,Matara,71,,
2014-12-01,Matara,70,,
2014-01-01,Jaffna,148,,
2014-02-01,Jaffna,92,,
2014-03-01,Jaffna,58,,
2014-04-01,Jaffna,59,,
2014-05-01,Jaffna,73,,
2014-06-01,Jaffna,89,,
2014-07-01,Jaffna,148,,
2014-08-01,Jaffna,123,,
2014-09-01,Jaffna,95,,
2014-10-01,Jaffna,212,,
2014-11-01,Jaffna,318,,
2014-12-01,Jaffna,424,,
2014-01-01,Kilinochchi,10,,
2014-02-01,Kilinochchi,10,,
2014-03-01,Kilinochchi,4,,
2014-04-01,Kilinochchi,6,,
2014-05-01,Kilinochchi,0,,
2014-06-01,Kilinochchi,1,,
2014-07-01,Kilinochchi,8,,
2014-08-01,Kilinochchi,3,,
2014-09-01,Kilinochchi,4,,
2014-10-01,Kilinochchi,10,,
2014-11-01,Kilinochchi,15,,
2014-12-01,Kilinochchi,19,,
2014-01-01,Mannar,2,,
2014-02-01,Mannar,1,,
2014-03-01,Mannar,0,,
2014-04-01,Mannar,1,,
2014-05-01,Mannar,2,,
2014-06-01,Mannar,20,,
2014-07-01,Mannar,13,,
2014-08-01,Mannar,10,,
2014-09-01,Mannar,40,,
2014-10-01,Mannar,68,,
2014-11-01,Mannar,119,,
2014-12-01,Mannar,83,,
2014-01-01,Vavuniya,6,,
2014-02-01,Vavuniya,12,,
2014-03-01,Vavuniya,14,,
2014-04-01,Vavuniya,9,,
2014-05-01,Vavuniya,6,,
2014-06-01,Vavuniya,33,,
2014-07-01,Vavuniya,16,,
2014-08-01,Vavuniya,5,,
2014-09-01,Vavuniya,4,,
2014-10-01,Vavuniya,7,,
2014-11-01,Vavuniya,14,,
2014-12-01,Vavuniya,16,,
2014-01-01,Mullaitivu,23,,
2014-02-01,Mullaitivu,9,,
2014-03-01,Mullaitivu,17,,
2014-04-01,Mullaitivu,4,,
2014-05-01,Mullaitivu,6,,
2014-06-01,Mullaitivu,10,,
2014-07-01,Mullaitivu,6,,
2014-08-01,Mullaitivu,6,,
2014-09-01,Mullaitivu,5,,
2014-10-01,Mullaitivu,5,,
2014-11-01,Mullaitivu,17,,
2014-12-01,Mullaitivu,26,,
2014-01-01,Batticaloa,43,,
2014-02-01,Batticaloa,66,,
2014-03-01,Batticaloa,147,,
2014-04-01,Batticaloa,92,,
2014-05-01,Batticaloa,117,,
2014-06-01,Batticaloa,97,,
2014-07-01,Batticaloa,60,,
2014-08-01,Batticaloa,22,,
2014-09-01,Batticaloa,15,,
2014-10-01,Batticaloa,40,,
2014-11-01,Batticaloa,95,,
2014-12-01,Batticaloa,176,,
2014-01-01,Ampara,22,,
2014-02-01,Ampara,16,,
2014-03-01,Ampara,7,,
2014-04-01,Ampara,13,,
2014-05-01,Ampara,9,,
2014-06-01,Ampara,21,,
2014-07-01,Ampara,17,,
2014-08-01,Ampara,19,,
2014-09-01,Ampara,3,,
2014-10-01,Ampara,10,,
2014-11-01,Ampara,15,,
2014-12-01,Ampara,6,,
2014-01-01,Trincomalee,52,,
2014-02-01,Trincomalee,38,,
2014-03-01,Trincomalee,77,,
2014-04-01,Trincomalee,115,,
2014-05-01,Trincomalee,100,,
2014-06-01,Trincomalee,55,,
2014-07-01,Trincomalee,34,,
2014-08-01,Trincomalee,18,,
2014-09-01,Trincomalee,16,,
2014-10-01,Trincomalee,22,,
2014-11-01,Trincomalee,55,,
2014-12-01,Trincomalee,79,,
2014-01-01,Kurunegala,163,,
2014-02-01,Kurunegala,106,,
2014-03-01,Kurunegala,94,,
2014-04-01,Kurunegala,61,,
2014-05-01,Kurunegala,61,,
2014-06-01,Kurunegala,303,,
2014-07-01,Kurunegala,318,,
2014-08-01,Kurunegala,296,,
2014-09-01,Kurunegala,195,,
2014-10-01,Kurunegala,287,,
2014-11-01,Kurunegala,316,,
2014-12-01,Kurunegala,264,,
2014-01-01,Puttalam,93,,
2014-02-01,Puttalam,42,,
2014-03-01,Puttalam,42,,
2014-04-01,Puttalam,27,,
2014-05-01,Puttalam,34,,
2014-06-01,Puttalam,83,,
2014-07-01,Puttalam,101,,
2014-08-01,Puttalam,65,,
2014-09-01,Puttalam,39,,
2014-10-01,Puttalam,84,,
2014-11-01,Puttalam,147,,
2014-12-01,Puttalam,159,,
2014-01-01,Anuradhapura,68,,
2014-02-01,Anuradhapura,44,,
2014-03-01,Anuradhapura,27,,
2014-04-01,Anuradhapura,39,,
2014-05-01,Anuradhapura,27,,
2014-06-01,Anuradhapura,61,,
2014-07-01,Anuradhapura,89,,
2014-08-01,Anuradhapura,39,,
2014-09-01,Anuradhapura,25,,
2014-10-01,Anuradhapura,51,,
2014-11-01,Anuradhapura,54,,
2014-12-01,Anuradhapura,108,,
2014-01-01,Polonnaruwa,75,,
2014-02-01,Polonnaruwa,45,,
2014-03-01,Polonnaruwa,38,,
2014-04-01,Polonnaruwa,33,,
2014-05-01,Polonnaruwa,24,,
2014-06-01,Polonnaruwa,62,,
2014-07-01,Polonnaruwa,79,,
2014-08-01,Polonnaruwa,33,,
2014-09-01,Polonnaruwa,27,,
2014-10-01,Polonnaruwa,42,,
2014-11-01,Polonnaruwa,53,,
2014-12-01,Polonnaruwa,47,,
2014-01-01,Badulla,56,,
2014-02-01,Badulla,43,,
2014-03-01,Badulla,36,,
2014-04-01,Badulla,12,,
2014-05-01,Badulla,56,,
2014-06-01,Badulla,90,,
2014-07-01,Badulla,79,,
2014-08-01,Badulla,84,,
2014-09-01,Badulla,76,,
2014-10-01,Badulla,129,,
2014-11-01,Badulla,221,,
2014-12-01,Badulla,231,,
2014-01-01,Moneragala,23,,
2014-02-01,Moneragala,24,,
2014-03-01,Moneragala,21,,
2014-04-01,Moneragala,9,,
2014-05-01,Moneragala,10,,
2014-06-01,Moneragala,34,,
2014-07-01,Moneragala,48,,
2014-08-01,Moneragala,32,,
2014-09-01,Moneragala,20,,
2014-10-01,Moneragala,27,,
2014-11-01,Moneragala,44,,
2014-12-01,Moneragala,21,,
2014-01-01,Rathnapura,91,,
2014-02-01,Rathnapura,43,,
2014-03-01,Rathnapura,58,,
2014-04-01,Rathnapura,52,,
2014-05-01,Rathnapura,370,,
2014-06-01,Rathnapura,866,,
2014-07-01,Rathnapura,457,,
2014-08-01,Rathnapura,343,,
2014-09-01,Rathnapura,148,,
2014-10-01,Rathnapura,171,,
2014-11-01,Rathnapura,124,,
2014-12-01,Rathnapura,100,,
2014-01-01,Kegalle,84,,
2014-02-01,Kegalle,58,,
2014-03-01,Kegalle,54,,
2014-04-01,Kegalle,60,,
2014-05-01,Kegalle,179,,
2014-06-01,Kegalle,320,,
2014-07-01,Kegalle,242,,
2014-08-01,Kegalle,231,,
2014-09-01,Kegalle,89,,
2014-10-01,Kegalle,132,,
2014-11-01,Kegalle,151,,
2014-12-01,Kegalle,124,,
2014-01-01,Kalmunai,12,,
2014-02-01,Kalmunai,12,,
2014-03-01,Kalmunai,15,,
2014-04-01,Kalmunai,8,,
2014-05-01,Kalmunai,18,,
2014-06-01,Kalmunai,28,,
2014-07-01,Kalmunai,11,,
2014-08-01,Kalmunai,17,,
2014-09-01,Kalmunai,12,,
2014-10-01,Kalmunai,33,,
2014-11-01,Kalmunai,204,,
2014-12-01,Kalmunai,147,,
2015-01-01,Colombo,1802,,
2015-02-01,Colombo,1101,,
2015-03-01,Colombo,537,,
2015-04-01,Colombo,317,,
2015-05-01,Colombo,515,,
2015-06-01,Colombo,515,,
2015-07-01,Colombo,907,,
2015-08-01,Colombo,711,,
2015-09-01,Colombo,401,,
2015-10-01,Colombo,769,,
2015-11-01,Colombo,985,,
2015-12-01,Colombo,1321,,
2015-01-01,Gampaha,817,,
2015-02-01,Gampaha,492,,
2015-03-01,Gampaha,255,,
2015-04-01,Gampaha,193,,
2015-05-01,Gampaha,264,,
2015-06-01,Gampaha,225,,
2015-07-01,Gampaha,317,,
2015-08-01,Gampaha,233,,
2015-09-01,Gampaha,186,,
2015-10-01,Gampaha,277,,
2015-11-01,Gampaha,387,,
2015-12-01,Gampaha,496,,
2015-01-01,Kalutara,276,,
2015-02-01,Kalutara,180,,
2015-03-01,Kalutara,106,,
2015-04-01,Kalutara,72,,
2015-05-01,Kalutara,86,,
2015-06-01,Kalutara,78,,
2015-07-01,Kalutara,125,,
2015-08-01,Kalutara,92,,
2015-09-01,Kalutara,57,,
2015-10-01,Kalutara,118,,
2015-11-01,Kalutara,167,,
2015-12-01,Kalutara,202,,
2015-01-01,Kandy,253,,
2015-02-01,Kandy,156,,
2015-03-01,Kandy,95,,
2015-04-01,Kandy,63,,
2015-05-01,Kandy,71,,
2015-06-01,Kandy,70,,
2015-07-01,Kandy,64,,
2015-08-01,Kandy,47,,
2015-09-01,Kandy,62,,
2015-10-01,Kandy,154,,
2015-11-01,Kandy,120,,
2015-12-01,Kandy,170,,
2015-01-01,Matale,166,,
2015-02-01,Matale,92,,
2015-03-01,Matale,26,,
2015-04-01,Matale,16,,
2015-05-01,Matale,10,,
2015-06-01,Matale,16,,
2015-07-01,Matale,8,,
2015-08-01,Matale,7,,
2015-09-01,Matale,8,,
2015-10-01,Matale,12,,
2015-11-01,Matale,18,,
2015-12-01,Matale,22,,
2015-01-01,N eliya,38,,
2015-02-01,N eliya,26,,
2015-03-01,N eliya,13,,
2015-04-01,N eliya,5,,
2015-05-01,N eliya,8,,
2015-06-01,N eliya,8,,
2015-07-01,N eliya,15,,
2015-08-01,N eliya,5,,
2015-09-01,N eliya,6,,
2015-10-01,N eliya,15,,
2015-11-01,N eliya,14,,
2015-12-01,N eliya,27,,
2015-01-01,Galle,150,,
2015-02-01,Galle,118,,
2015-03-01,Galle,70,,
2015-04-01,Galle,35,,
2015-05-01,Galle,26,,
2015-06-01,Galle,20,,
2015-07-01,Galle,46,,
2015-08-01,Galle,80,,
2015-09-01,Galle,75,,
2015-10-01,Galle,131,,
2015-11-01,Galle,151,,
2015-12-01,Galle,128,,
2015-01-01,Hambantota,46,,
2015-02-01,Hambantota,51,,
2015-03-01,Hambantota,28,,
2015-04-01,Hambantota,18,,
2015-05-01,Hambantota,12,,
2015-06-01,Hambantota,11,,
2015-07-01,Hambantota,26,,
2015-08-01,Hambantota,27,,
2015-09-01,Hambantota,17,,
2015-10-01,Hambantota,61,,
2015-11-01,Hambantota,56,,
2015-12-01,Hambantota,45,,
2015-01-01,Matara,81,,
2015-02-01,Matara,46,,
2015-03-01,Matara,41,,
2015-04-01,Matara,28,,
2015-05-01,Matara,25,,
2015-06-01,Matara,12,,
2015-07-01,Matara,21,,
2015-08-01,Matara,24,,
2015-09-01,Matara,24,,
2015-10-01,Matara,72,,
2015-11-01,Matara,43,,
2015-12-01,Matara,42,,
2015-01-01,Jaffna,614,,
2015-02-01,Jaffna,218,,
2015-03-01,Jaffna,113,,
2015-04-01,Jaffna,48,,
2015-05-01,Jaffna,66,,
2015-06-01,Jaffna,63,,
2015-07-01,Jaffna,69,,
2015-08-01,Jaffna,45,,
2015-09-01,Jaffna,51,,
2015-10-01,Jaffna,76,,
2015-11-01,Jaffna,216,,
2015-12-01,Jaffna,437,,
2015-01-01,Kilinochchi,18,,
2015-02-01,Kilinochchi,11,,
2015-03-01,Kilinochchi,3,,
2015-04-01,Kilinochchi,0,,
2015-05-01,Kilinochchi,2,,
2015-06-01,Kilinochchi,4,,
2015-07-01,Kilinochchi,9,,
2015-08-01,Kilinochchi,7,,
2015-09-01,Kilinochchi,7,,
2015-10-01,Kilinochchi,14,,
2015-11-01,Kilinochchi,11,,
2015-12-01,Kilinochchi,6,,
2015-01-01,Mannar,50,,
2015-02-01,Mannar,16,,
2015-03-01,Mannar,2,,
2015-04-01,Mannar,1,,
2015-05-01,Mannar,4,,
2015-06-01,Mannar,2,,
2015-07-01,Mannar,1,,
2015-08-01,Mannar,1,,
2015-09-01,Mannar,2,,
2015-10-01,Mannar,2,,
2015-11-01,Mannar,4,,
2015-12-01,Mannar,20,,
2015-01-01,Vavuniya,32,,
2015-02-01,Vavuniya,15,,
2015-03-01,Vavuniya,8,,
2015-04-01,Vavuniya,4,,
2015-05-01,Vavuniya,15,,
2015-06-01,Vavuniya,9,,
2015-07-01,Vavuniya,5,,
2015-08-01,Vavuniya,4,,
2015-09-01,Vavuniya,11,,
2015-10-01,Vavuniya,19,,
2015-11-01,Vavuniya,16,,
2015-12-01,Vavuniya,59,,
2015-01-01,Mullaitivu,36,,
2015-02-01,Mullaitivu,17,,
2015-03-01,Mullaitivu,8,,
2015-04-01,Mullaitivu,10,,
2015-05-01,Mullaitivu,12,,
2015-06-01,Mullaitivu,14,,
2015-07-01,Mullaitivu,13,,
2015-08-01,Mullaitivu,7,,
2015-09-01,Mullaitivu,2,,
2015-10-01,Mullaitivu,2,,
2015-11-01,Mullaitivu,6,,
2015-12-01,Mullaitivu,15,,
2015-01-01,Batticaloa,335,,
2015-02-01,Batticaloa,347,,
2015-03-01,Batticaloa,210,,
2015-04-01,Batticaloa,124,,
2015-05-01,Batticaloa,139,,
2015-06-01,Batticaloa,82,,
2015-07-01,Batticaloa,65,,
2015-08-01,Batticaloa,18,,
2015-09-01,Batticaloa,8,,
2015-10-01,Batticaloa,31,,
2015-11-01,Batticaloa,40,,
2015-12-01,Batticaloa,75,,
2015-01-01,Ampara,10,,
2015-02-01,Ampara,5,,
2015-03-01,Ampara,6,,
2015-04-01,Ampara,0,,
2015-05-01,Ampara,5,,
2015-06-01,Ampara,9,,
2015-07-01,Ampara,4,,
2015-08-01,Ampara,6,,
2015-09-01,Ampara,5,,
2015-10-01,Ampara,3,,
2015-11-01,Ampara,3,,
2015-12-01,Ampara,11,,
2015-01-01,Trincomalee,131,,
2015-02-01,Trincomalee,96,,
2015-03-01,Trincomalee,59,,
2015-04-01,Trincomalee,81,,
2015-05-01,Trincomalee,65,,
2015-06-01,Trincomalee,39,,
2015-07-01,Trincomalee,30,,
2015-08-01,Trincomalee,9,,
2015-09-01,Trincomalee,8,,
2015-10-01,Trincomalee,6,,
2015-11-01,Trincomalee,15,,
2015-12-01,Trincomalee,48,,
2015-01-01,Kurunegala,329,,
2015-02-01,Kurunegala,178,,
2015-03-01,Kurunegala,108,,
2015-04-01,Kurunegala,73,,
2015-05-01,Kurunegala,62,,
2015-06-01,Kurunegala,61,,
2015-07-01,Kurunegala,82,,
2015-08-01,Kurunegala,70,,
2015-09-01,Kurunegala,27,,
2015-10-01,Kurunegala,56,,
2015-11-01,Kurunegala,107,,
2015-12-01,Kurunegala,100,,
2015-01-01,Puttalam,256,,
2015-02-01,Puttalam,85,,
2015-03-01,Puttalam,34,,
2015-04-01,Puttalam,20,,
2015-05-01,Puttalam,32,,
2015-06-01,Puttalam,42,,
2015-07-01,Puttalam,65,,
2015-08-01,Puttalam,14,,
2015-09-01,Puttalam,12,,
2015-10-01,Puttalam,23,,
2015-11-01,Puttalam,77,,
2015-12-01,Puttalam,79,,
2015-01-01,Anuradhapura,122,,
2015-02-01,Anuradhapura,78,,
2015-03-01,Anuradhapura,27,,
2015-04-01,Anuradhapura,18,,
2015-05-01,Anuradhapura,12,,
2015-06-01,Anuradhapura,15,,
2015-07-01,Anuradhapura,18,,
2015-08-01,Anuradhapura,13,,
2015-09-01,Anuradhapura,14,,
2015-10-01,Anuradhapura,12,,
2015-11-01,Anuradhapura,29,,
2015-12-01,Anuradhapura,43,,
2015-01-01,Polonnaruwa,47,,
2015-02-01,Polonnaruwa,48,,
2015-03-01,Polonnaruwa,13,,
2015-04-01,Polonnaruwa,9,,
2015-05-01,Polonnaruwa,12,,
2015-06-01,Polonnaruwa,9,,
2015-07-01,Polonnaruwa,18,,
2015-08-01,Polonnaruwa,12,,
2015-09-01,Polonnaruwa,8,,
2015-10-01,Polonnaruwa,21,,
2015-11-01,Polonnaruwa,25,,
2015-12-01,Polonnaruwa,28,,
2015-01-01,Badulla,195,,
2015-02-01,Badulla,60,,
2015-03-01,Badulla,30,,
2015-04-01,Badulla,31,,
2015-05-01,Badulla,22,,
2015-06-01,Badulla,30,,
2015-07-01,Badulla,33,,
2015-08-01,Badulla,19,,
2015-09-01,Badulla,10,,
2015-10-01,Badulla,35,,
2015-11-01,Badulla,54,,
2015-12-01,Badulla,47,,
2015-01-01,Moneragala,46,,
2015-02-01,Moneragala,29,,
2015-03-01,Moneragala,15,,
2015-04-01,Moneragala,7,,
2015-05-01,Moneragala,7,,
2015-06-01,Moneragala,18,,
2015-07-01,Moneragala,16,,
2015-08-01,Moneragala,14,,
2015-09-01,Moneragala,2,,
2015-10-01,Moneragala,16,,
2015-11-01,Moneragala,23,,
2015-12-01,Moneragala,30,,
2015-01-01,Rathnapura,163,,
2015-02-01,Rathnapura,122,,
2015-03-01,Rathnapura,90,,
2015-04-01,Rathnapura,59,,
2015-05-01,Rathnapura,70,,
2015-06-01,Rathnapura,68,,
2015-07-01,Rathnapura,105,,
2015-08-01,Rathnapura,74,,
2015-09-01,Rathnapura,46,,
2015-10-01,Rathnapura,64,,
2015-11-01,Rathnapura,93,,
2015-12-01,Rathnapura,87,,
2015-01-01,Kegalle,104,,
2015-02-01,Kegalle,57,,
2015-03-01,Kegalle,36,,
2015-04-01,Kegalle,40,,
2015-05-01,Kegalle,54,,
2015-06-01,Kegalle,38,,
2015-07-01,Kegalle,50,,
2015-08-01,Kegalle,49,,
2015-09-01,Kegalle,36,,
2015-10-01,Kegalle,70,,
2015-11-01,Kegalle,80,,
2015-12-01,Kegalle,97,,
2015-01-01,Kalmunai,228,,
2015-02-01,Kalmunai,87,,
2015-03-01,Kalmunai,29,,
2015-04-01,Kalmunai,21,,
2015-05-01,Kalmunai,29,,
2015-06-01,Kalmunai,19,,
2015-07-01,Kalmunai,13,,
2015-08-01,Kalmunai,16,,
2015-09-01,Kalmunai,14,,
2015-10-01,Kalmunai,7,,
2015-11-01,Kalmunai,22,,
2015-12-01,Kalmunai,53,,
2016-01-01,Colombo,2184,,
2016-02-01,Colombo,1569,,
2016-03-01,Colombo,1016,,
2016-04-01,Colombo,942,,
2016-05-01,Colombo,693,,
2016-06-01,Colombo,1459,,
2016-07-01,Colombo,3191,,
2016-08-01,Colombo,1478,,
2016-09-01,Colombo,939,,
2016-10-01,Colombo,459,,
2016-11-01,Colombo,460,,
2016-12-01,Colombo,2377,,
2016-01-01,Gampaha,862,,
2016-02-01,Gampaha,615,,
2016-03-01,Gampaha,260,,
2016-04-01,Gampaha,276,,
2016-05-01,Gampaha,221,,
2016-06-01,Gampaha,555,,
2016-07-01,Gampaha,1625,,
2016-08-01,Gampaha,687,,
2016-09-01,Gampaha,526,,
2016-10-01,Gampaha,219,,
2016-11-01,Gampaha,220,,
2016-12-01,Gampaha,1107,,
2016-01-01,Kalutara,321,,
2016-02-01,Kalutara,294,,
2016-03-01,Kalutara,197,,
2016-04-01,Kalutara,312,,
2016-05-01,Kalutara,249,,
2016-06-01,Kalutara,343,,
2016-07-01,Kalutara,683,,
2016-08-01,Kalutara,293,,
2016-09-01,Kalutara,195,,
2016-10-01,Kalutara,106,,
2016-11-01,Kalutara,121,,
2016-12-01,Kalutara,388,,
2016-01-01,Kandy,335,,
2016-02-01,Kandy,207,,
2016-03-01,Kandy,93,,
2016-04-01,Kandy,109,,
2016-05-01,Kandy,154,,
2016-06-01,Kandy,504,,
2016-07-01,Kandy,1226,,
2016-08-01,Kandy,510,,
2016-09-01,Kandy,347,,
2016-10-01,Kandy,165,,
2016-11-01,Kandy,112,,
2016-12-01,Kandy,301,,
2016-01-01,Matale,51,,
2016-02-01,Matale,42,,
2016-03-01,Matale,33,,
2016-04-01,Matale,21,,
2016-05-01,Matale,29,,
2016-06-01,Matale,89,,
2016-07-01,Matale,348,,
2016-08-01,Matale,133,,
2016-09-01,Matale,135,,
2016-10-01,Matale,78,,
2016-11-01,Matale,66,,
2016-12-01,Matale,123,,
2016-01-01,N eliya,44,,
2016-02-01,N eliya,22,,
2016-03-01,N eliya,20,,
2016-04-01,N eliya,31,,
2016-05-01,N eliya,18,,
2016-06-01,N eliya,38,,
2016-07-01,N eliya,111,,
2016-08-01,N eliya,51,,
2016-09-01,N eliya,25,,
2016-10-01,N eliya,18,,
2016-11-01,N eliya,12,,
2016-12-01,N eliya,31,,
2016-01-01,Galle,276,,
2016-02-01,Galle,135,,
2016-03-01,Galle,110,,
2016-04-01,Galle,120,,
2016-05-01,Galle,118,,
2016-06-01,Galle,121,,
2016-07-01,Galle,467,,
2016-08-01,Galle,253,,
2016-09-01,Galle,288,,
2016-10-01,Galle,236,,
2016-11-01,Galle,281,,
2016-12-01,Galle,681,,
2016-01-01,Hambantota,97,,
2016-02-01,Hambantota,79,,
2016-03-01,Hambantota,47,,
2016-04-01,Hambantota,43,,
2016-05-01,Hambantota,42,,
2016-06-01,Hambantota,82,,
2016-07-01,Hambantota,176,,
2016-08-01,Hambantota,47,,
2016-09-01,Hambantota,57,,
2016-10-01,Hambantota,30,,
2016-11-01,Hambantota,47,,
2016-12-01,Hambantota,153,,
2016-01-01,Matara,139,,
2016-02-01,Matara,92,,
2016-03-01,Matara,43,,
2016-04-01,Matara,56,,
2016-05-01,Matara,35,,
2016-06-01,Matara,119,,
2016-07-01,Matara,282,,
2016-08-01,Matara,144,,
2016-09-01,Matara,115,,
2016-10-01,Matara,82,,
2016-11-01,Matara,86,,
2016-12-01,Matara,191,,
2016-01-01,Jaffna,687,,
2016-02-01,Jaffna,238,,
2016-03-01,Jaffna,150,,
2016-04-01,Jaffna,93,,
2016-05-01,Jaffna,58,,
2016-06-01,Jaffna,80,,
2016-07-01,Jaffna,226,,
2016-08-01,Jaffna,148,,
2016-09-01,Jaffna,121,,
2016-10-01,Jaffna,91,,
2016-11-01,Jaffna,135,,
2016-12-01,Jaffna,441,,
2016-01-01,Kilinochchi,15,,
2016-02-01,Kilinochchi,16,,
2016-03-01,Kilinochchi,5,,
2016-04-01,Kilinochchi,7,,
2016-05-01,Kilinochchi,4,,
2016-06-01,Kilinochchi,4,,
2016-07-01,Kilinochchi,8,,
2016-08-01,Kilinochchi,8,,
2016-09-01,Kilinochchi,3,,
2016-10-01,Kilinochchi,5,,
2016-11-01,Kilinochchi,1,,
2016-12-01,Kilinochchi,10,,
2016-01-01,Mannar,42,,
2016-02-01,Mannar,17,,
2016-03-01,Mannar,3,,
2016-04-01,Mannar,7,,
2016-05-01,Mannar,16,,
2016-06-01,Mannar,10,,
2016-07-01,Mannar,10,,
2016-08-01,Mannar,2,,
2016-09-01,Mannar,12,,
2016-10-01,Mannar,18,,
2016-11-01,Mannar,17,,
2016-12-01,Mannar,78,,
2016-01-01,Vavuniya,69,,
2016-02-01,Vavuniya,22,,
2016-03-01,Vavuniya,19,,
2016-04-01,Vavuniya,26,,
2016-05-01,Vavuniya,13,,
2016-06-01,Vavuniya,7,,
2016-07-01,Vavuniya,30,,
2016-08-01,Vavuniya,12,,
2016-09-01,Vavuniya,20,,
2016-10-01,Vavuniya,12,,
2016-11-01,Vavuniya,5,,
2016-12-01,Vavuniya,33,,
2016-01-01,Mullaitivu,29,,
2016-02-01,Mullaitivu,18,,
2016-03-01,Mullaitivu,19,,
2016-04-01,Mullaitivu,22,,
2016-05-01,Mullaitivu,9,,
2016-06-01,Mullaitivu,18,,
2016-07-01,Mullaitivu,22,,
2016-08-01,Mullaitivu,12,,
2016-09-01,Mullaitivu,7,,
2016-10-01,Mullaitivu,7,,
2016-11-01,Mullaitivu,7,,
2016-12-01,Mullaitivu,12,,
2016-01-01,Batticaloa,124,,
2016-02-01,Batticaloa,65,,
2016-03-01,Batticaloa,34,,
2016-04-01,Batticaloa,31,,
2016-05-01,Batticaloa,20,,
2016-06-01,Batticaloa,43,,
2016-07-01,Batticaloa,69,,
2016-08-01,Batticaloa,38,,
2016-09-01,Batticaloa,31,,
2016-10-01,Batticaloa,13,,
2016-11-01,Batticaloa,18,,
2016-12-01,Batticaloa,126,,
2016-01-01,Ampara,38,,
2016-02-01,Ampara,19,,
2016-03-01,Ampara,18,,
2016-04-01,Ampara,18,,
2016-05-01,Ampara,7,,
2016-06-01,Ampara,22,,
2016-07-01,Ampara,61,,
2016-08-01,Ampara,17,,
2016-09-01,Ampara,20,,
2016-10-01,Ampara,7,,
2016-11-01,Ampara,4,,
2016-12-01,Ampara,29,,
2016-01-01,Trincomalee,102,,
2016-02-01,Trincomalee,59,,
2016-03-01,Trincomalee,42,,
2016-04-01,Trincomalee,32,,
2016-05-01,Trincomalee,28,,
2016-06-01,Trincomalee,25,,
2016-07-01,Trincomalee,35,,
2016-08-01,Trincomalee,17,,
2016-09-01,Trincomalee,14,,
2016-10-01,Trincomalee,9,,
2016-11-01,Trincomalee,8,,
2016-12-01,Trincomalee,132,,
2016-01-01,Kurunegala,241,,
2016-02-01,Kurunegala,170,,
2016-03-01,Kurunegala,105,,
2016-04-01,Kurunegala,98,,
2016-05-01,Kurunegala,194,,
2016-06-01,Kurunegala,361,,
2016-07-01,Kurunegala,598,,
2016-08-01,Kurunegala,227,,
2016-09-01,Kurunegala,125,,
2016-10-01,Kurunegala,67,,
2016-11-01,Kurunegala,110,,
2016-12-01,Kurunegala,260,,
2016-01-01,Puttalam,206,,
2016-02-01,Puttalam,160,,
2016-03-01,Puttalam,63,,
2016-04-01,Puttalam,74,,
2016-05-01,Puttalam,53,,
2016-06-01,Puttalam,87,,
2016-07-01,Puttalam,144,,
2016-08-01,Puttalam,89,,
2016-09-01,Puttalam,47,,
2016-10-01,Puttalam,17,,
2016-11-01,Puttalam,26,,
2016-12-01,Puttalam,80,,
2016-01-01,Anuradhapura,98,,
2016-02-01,Anuradhapura,65,,
2016-03-01,Anuradhapura,33,,
2016-04-01,Anuradhapura,50,,
2016-05-01,Anuradhapura,29,,
2016-06-01,Anuradhapura,40,,
2016-07-01,Anuradhapura,137,,
2016-08-01,Anuradhapura,91,,
2016-09-01,Anuradhapura,70,,
2016-10-01,Anuradhapura,28,,
2016-11-01,Anuradhapura,30,,
2016-12-01,Anuradhapura,60,,
2016-01-01,Polonnaruwa,60,,
2016-02-01,Polonnaruwa,48,,
2016-03-01,Polonnaruwa,24,,
2016-04-01,Polonnaruwa,33,,
2016-05-01,Polonnaruwa,20,,
2016-06-01,Polonnaruwa,31,,
2016-07-01,Polonnaruwa,110,,
2016-08-01,Polonnaruwa,38,,
2016-09-01,Polonnaruwa,27,,
2016-10-01,Polonnaruwa,22,,
2016-11-01,Polonnaruwa,23,,
2016-12-01,Polonnaruwa,43,,
2016-01-01,Badulla,85,,
2016-02-01,Badulla,40,,
2016-03-01,Badulla,55,,
2016-04-01,Badulla,43,,
2016-05-01,Badulla,32,,
2016-06-01,Badulla,107,,
2016-07-01,Badulla,169,,
2016-08-01,Badulla,72,,
2016-09-01,Badulla,127,,
2016-10-01,Badulla,200,,
2016-11-01,Badulla,105,,
2016-12-01,Badulla,150,,
2016-01-01,Moneragala,58,,
2016-02-01,Moneragala,32,,
2016-03-01,Moneragala,23,,
2016-04-01,Moneragala,31,,
2016-05-01,Moneragala,18,,
2016-06-01,Moneragala,24,,
2016-07-01,Moneragala,70,,
2016-08-01,Moneragala,59,,
2016-09-01,Moneragala,46,,
2016-10-01,Moneragala,18,,
2016-11-01,Moneragala,29,,
2016-12-01,Moneragala,67,,
2016-01-01,Rathnapura,211,,
2016-02-01,Rathnapura,135,,
2016-03-01,Rathnapura,169,,
2016-04-01,Rathnapura,237,,
2016-05-01,Rathnapura,241,,
2016-06-01,Rathnapura,395,,
2016-07-01,Rathnapura,681,,
2016-08-01,Rathnapura,275,,
2016-09-01,Rathnapura,196,,
2016-10-01,Rathnapura,139,,
2016-11-01,Rathnapura,143,,
2016-12-01,Rathnapura,308,,
2016-01-01,Kegalle,198,,
2016-02-01,Kegalle,153,,
2016-03-01,Kegalle,66,,
2016-04-01,Kegalle,90,,
2016-05-01,Kegalle,100,,
2016-06-01,Kegalle,149,,
2016-07-01,Kegalle,210,,
2016-08-01,Kegalle,153,,
2016-09-01,Kegalle,104,,
2016-10-01,Kegalle,82,,
2016-11-01,Kegalle,60,,
2016-12-01,Kegalle,148,,
2016-01-01,Kalmunai,122,,
2016-02-01,Kalmunai,127,,
2016-03-01,Kalmunai,49,,
2016-04-01,Kalmunai,30,,
2016-05-01,Kalmunai,21,,
2016-06-01,Kalmunai,18,,
2016-07-01,Kalmunai,26,,
2016-08-01,Kalmunai,19,,
2016-09-01,Kalmunai,32,,
2016-10-01,Kalmunai,57,,
2016-11-01,Kalmunai,131,,
2016-12-01,Kalmunai,348,,
2017-01-01,Colombo,2734,,
2017-02-01,Colombo,1900,,
2017-03-01,Colombo,2467,,
2017-04-01,Colombo,2570,,
2017-05-01,Colombo,3333,,
2017-06-01,Colombo,5372,,
2017-07-01,Colombo,7471,,
2017-08-01,Colombo,3620,,
2017-09-01,Colombo,1251,,
2017-10-01,Colombo,823,,
2017-11-01,Colombo,1131,,
2017-12-01,Colombo,1602,,
2017-01-01,Gampaha,1635,,
2017-02-01,Gampaha,1087,,
2017-03-01,Gampaha,1870,,
2017-04-01,Gampaha,2072,,
2017-05-01,Gampaha,3168,,
2017-06-01,Gampaha,4901,,
2017-07-01,Gampaha,9039,,
2017-08-01,Gampaha,3553,,
2017-09-01,Gampaha,1246,,
2017-10-01,Gampaha,779,,
2017-11-01,Gampaha,1078,,
2017-12-01,Gampaha,1219,,
2017-01-01,Kalutara,581,,
2017-02-01,Kalutara,448,,
2017-03-01,Kalutara,836,,
2017-04-01,Kalutara,739,,
2017-05-01,Kalutara,946,,
2017-06-01,Kalutara,1248,,
2017-07-01,Kalutara,2612,,
2017-08-01,Kalutara,1477,,
2017-09-01,Kalutara,663,,
2017-10-01,Kalutara,337,,
2017-11-01,Kalutara,528,,
2017-12-01,Kalutara,546,,
2017-01-01,Kandy,252,,
2017-02-01,Kandy,207,,
2017-03-01,Kandy,369,,
2017-04-01,Kandy,443,,
2017-05-01,Kandy,862,,
2017-06-01,Kandy,2314,,
2017-07-01,Kandy,3855,,
2017-08-01,Kandy,2354,,
2017-09-01,Kandy,1090,,
2017-10-01,Kandy,821,,
2017-11-01,Kandy,884,,
2017-12-01,Kandy,957,,
2017-01-01,Matale,129,,
2017-02-01,Matale,103,,
2017-03-01,Matale,145,,
2017-04-01,Matale,120,,
2017-05-01,Matale,165,,
2017-06-01,Matale,436,,
2017-07-01,Matale,766,,
2017-08-01,Matale,534,,
2017-09-01,Matale,167,,
2017-10-01,Matale,177,,
2017-11-01,Matale,214,,
2017-12-01,Matale,215,,
2017-01-01,N eliya,50,,
2017-02-01,N eliya,32,,
2017-03-01,N eliya,42,,
2017-04-01,N eliya,37,,
2017-05-01,N eliya,57,,
2017-06-01,N eliya,94,,
2017-07-01,N eliya,294,,
2017-08-01,N eliya,159,,
2017-09-01,N eliya,39,,
2017-10-01,N eliya,27,,
2017-11-01,N eliya,22,,
2017-12-01,N eliya,39,,
2017-01-01,Galle,872,,
2017-02-01,Galle,567,,
2017-03-01,Galle,424,,
2017-04-01,Galle,265,,
2017-05-01,Galle,394,,
2017-06-01,Galle,623,,
2017-07-01,Galle,1072,,
2017-08-01,Galle,877,,
2017-09-01,Galle,369,,
2017-10-01,Galle,163,,
2017-11-01,Galle,300,,
2017-12-01,Galle,339,,
2017-01-01,Hambantota,301,,
2017-02-01,Hambantota,225,,
2017-03-01,Hambantota,339,,
2017-04-01,Hambantota,333,,
2017-05-01,Hambantota,272,,
2017-06-01,Hambantota,384,,
2017-07-01,Hambantota,529,,
2017-08-01,Hambantota,359,,
2017-09-01,Hambantota,237,,
2017-10-01,Hambantota,174,,
2017-11-01,Hambantota,244,,
2017-12-01,Hambantota,181,,
2017-01-01,Matara,431,,
2017-02-01,Matara,382,,
2017-03-01,Matara,337,,
2017-04-01,Matara,354,,
2017-05-01,Matara,488,,
2017-06-01,Matara,581,,
2017-07-01,Matara,1789,,
2017-08-01,Matara,1029,,
2017-09-01,Matara,403,,
2017-10-01,Matara,174,,
2017-11-01,Matara,181,,
2017-12-01,Matara,182,,
2017-01-01,Jaffna,625,,
2017-02-01,Jaffna,478,,
2017-03-01,Jaffna,863,,
2017-04-01,Jaffna,499,,
2017-05-01,Jaffna,301,,
2017-06-01,Jaffna,288,,
2017-07-01,Jaffna,376,,
2017-08-01,Jaffna,290,,
2017-09-01,Jaffna,341,,
2017-10-01,Jaffna,593,,
2017-11-01,Jaffna,509,,
2017-12-01,Jaffna,912,,
2017-01-01,Kilinochchi,55,,
2017-02-01,Kilinochchi,84,,
2017-03-01,Kilinochchi,35,,
2017-04-01,Kilinochchi,46,,
2017-05-01,Kilinochchi,21,,
2017-06-01,Kilinochchi,21,,
2017-07-01,Kilinochchi,90,,
2017-08-01,Kilinochchi,59,,
2017-09-01,Kilinochchi,30,,
2017-10-01,Kilinochchi,17,,
2017-11-01,Kilinochchi,28,,
2017-12-01,Kilinochchi,32,,
2017-01-01,Mannar,147,,
2017-02-01,Mannar,91,,
2017-03-01,Mannar,65,,
2017-04-01,Mannar,90,,
2017-05-01,Mannar,60,,
2017-06-01,Mannar,23,,
2017-07-01,Mannar,23,,
2017-08-01,Mannar,5,,
2017-09-01,Mannar,3,,
2017-10-01,Mannar,6,,
2017-11-01,Mannar,8,,
2017-12-01,Mannar,22,,
2017-01-01,Vavuniya,58,,
2017-02-01,Vavuniya,76,,
2017-03-01,Vavuniya,143,,
2017-04-01,Vavuniya,83,,
2017-05-01,Vavuniya,65,,
2017-06-01,Vavuniya,81,,
2017-07-01,Vavuniya,137,,
2017-08-01,Vavuniya,92,,
2017-09-01,Vavuniya,52,,
2017-10-01,Vavuniya,48,,
2017-11-01,Vavuniya,97,,
2017-12-01,Vavuniya,143,,
2017-01-01,Mullaitivu,37,,
2017-02-01,Mullaitivu,32,,
2017-03-01,Mullaitivu,21,,
2017-04-01,Mullaitivu,16,,
2017-05-01,Mullaitivu,27,,
2017-06-01,Mullaitivu,37,,
2017-07-01,Mullaitivu,71,,
2017-08-01,Mullaitivu,50,,
2017-09-01,Mullaitivu,23,,
2017-10-01,Mullaitivu,16,,
2017-11-01,Mullaitivu,24,,
2017-12-01,Mullaitivu,40,,
2017-01-01,Batticaloa,217,,
2017-02-01,Batticaloa,465,,
2017-03-01,Batticaloa,828,,
2017-04-01,Batticaloa,1182,,
2017-05-01,Batticaloa,869,,
2017-06-01,Batticaloa,465,,
2017-07-01,Batticaloa,273,,
2017-08-01,Batticaloa,197,,
2017-09-01,Batticaloa,143,,
2017-10-01,Batticaloa,140,,
2017-11-01,Batticaloa,271,,
2017-12-01,Batticaloa,556,,
2017-01-01,Ampara,51,,
2017-02-01,Ampara,51,,
2017-03-01,Ampara,59,,
2017-04-01,Ampara,72,,
2017-05-01,Ampara,75,,
2017-06-01,Ampara,105,,
2017-07-01,Ampara,225,,
2017-08-01,Ampara,100,,
2017-09-01,Ampara,62,,
2017-10-01,Ampara,41,,
2017-11-01,Ampara,33,,
2017-12-01,Ampara,60,,
2017-01-01,Trincomalee,387,,
2017-02-01,Trincomalee,661,,
2017-03-01,Trincomalee,2114,,
2017-04-01,Trincomalee,936,,
2017-05-01,Trincomalee,158,,
2017-06-01,Trincomalee,136,,
2017-07-01,Trincomalee,154,,
2017-08-01,Trincomalee,99,,
2017-09-01,Trincomalee,68,,
2017-10-01,Trincomalee,70,,
2017-11-01,Trincomalee,105,,
2017-12-01,Trincomalee,120,,
2017-01-01,Kurunegala,403,,
2017-02-01,Kurunegala,381,,
2017-03-01,Kurunegala,505,,
2017-04-01,Kurunegala,629,,
2017-05-01,Kurunegala,1281,,
2017-06-01,Kurunegala,2030,,
2017-07-01,Kurunegala,2300,,
2017-08-01,Kurunegala,1487,,
2017-09-01,Kurunegala,576,,
2017-10-01,Kurunegala,368,,
2017-11-01,Kurunegala,747,,
2017-12-01,Kurunegala,562,,
2017-01-01,Puttalam,196,,
2017-02-01,Puttalam,132,,
2017-03-01,Puttalam,212,,
2017-04-01,Puttalam,318,,
2017-05-01,Puttalam,612,,
2017-06-01,Puttalam,783,,
2017-07-01,Puttalam,1304,,
2017-08-01,Puttalam,1192,,
2017-09-01,Puttalam,419,,
2017-10-01,Puttalam,501,,
2017-11-01,Puttalam,1037,,
2017-12-01,Puttalam,1135,,
2017-01-01,Anuradhapura,166,,
2017-02-01,Anuradhapura,147,,
2017-03-01,Anuradhapura,255,,
2017-04-01,Anuradhapura,193,,
2017-05-01,Anuradhapura,249,,
2017-06-01,Anuradhapura,378,,
2017-07-01,Anuradhapura,709,,
2017-08-01,Anuradhapura,299,,
2017-09-01,Anuradhapura,96,,
2017-10-01,Anuradhapura,79,,
2017-11-01,Anuradhapura,153,,
2017-12-01,Anuradhapura,191,,
2017-01-01,Polonnaruwa,54,,
2017-02-01,Polonnaruwa,64,,
2017-03-01,Polonnaruwa,98,,
2017-04-01,Polonnaruwa,172,,
2017-05-01,Polonnaruwa,160,,
2017-06-01,Polonnaruwa,190,,
2017-07-01,Polonnaruwa,320,,
2017-08-01,Polonnaruwa,104,,
2017-09-01,Polonnaruwa,54,,
2017-10-01,Polonnaruwa,56,,
2017-11-01,Polonnaruwa,65,,
2017-12-01,Polonnaruwa,73,,
2017-01-01,Badulla,226,,
2017-02-01,Badulla,130,,
2017-03-01,Badulla,139,,
2017-04-01,Badulla,167,,
2017-05-01,Badulla,186,,
2017-06-01,Badulla,400,,
2017-07-01,Badulla,1220,,
2017-08-01,Badulla,490,,
2017-09-01,Badulla,273,,
2017-10-01,Badulla,159,,
2017-11-01,Badulla,174,,
2017-12-01,Badulla,178,,
2017-01-01,Moneragala,97,,
2017-02-01,Moneragala,97,,
2017-03-01,Moneragala,112,,
2017-04-01,Moneragala,126,,
2017-05-01,Moneragala,164,,
2017-06-01,Moneragala,449,,
2017-07-01,Moneragala,569,,
2017-08-01,Moneragala,348,,
2017-09-01,Moneragala,300,,
2017-10-01,Moneragala,357,,
2017-11-01,Moneragala,334,,
2017-12-01,Moneragala,291,,
2017-01-01,Rathnapura,439,,
2017-02-01,Rathnapura,360,,
2017-03-01,Rathnapura,507,,
2017-04-01,Rathnapura,519,,
2017-05-01,Rathnapura,1161,,
2017-06-01,Rathnapura,1908,,
2017-07-01,Rathnapura,3175,,
2017-08-01,Rathnapura,1661,,
2017-09-01,Rathnapura,740,,
2017-10-01,Rathnapura,265,,
2017-11-01,Rathnapura,255,,
2017-12-01,Rathnapura,306,,
2017-01-01,Kegalle,210,,
2017-02-01,Kegalle,230,,
2017-03-01,Kegalle,377,,
2017-04-01,Kegalle,332,,
2017-05-01,Kegalle,700,,
2017-06-01,Kegalle,1945,,
2017-07-01,Kegalle,2551,,
2017-08-01,Kegalle,1684,,
2017-09-01,Kegalle,746,,
2017-10-01,Kegalle,264,,
2017-11-01,Kegalle,250,,
2017-12-01,Kegalle,269,,
2017-01-01,Kalmunai,574,,
2017-02-01,Kalmunai,294,,
2017-03-01,Kalmunai,378,,
2017-04-01,Kalmunai,197,,
2017-05-01,Kalmunai,162,,
2017-06-01,Kalmunai,127,,
2017-07-01,Kalmunai,197,,
2017-08-01,Kalmunai,151,,
2017-09-01,Kalmunai,128,,
2017-10-01,Kalmunai,159,,
2017-11-01,Kalmunai,196,,
2017-12-01,Kalmunai,583,,
2018-01-01,Colombo,1177,,
2018-02-01,Colombo,622,,
2018-03-01,Colombo,475,,
2018-04-01,Colombo,403,,
2018-05-01,Colombo,615,,
2018-06-01,Colombo,1292,,
2018-07-01,Colombo,1568,,
2018-08-01,Colombo,1037,,
2018-09-01,Colombo,387,,
2018-10-01,Colombo,372,,
2018-11-01,Colombo,977,,
2018-12-01,Colombo,1333,,
2018-01-01,Gampaha,711,,
2018-02-01,Gampaha,404,,
2018-03-01,Gampaha,239,,
2018-04-01,Gampaha,175,,
2018-05-01,Gampaha,233,,
2018-06-01,Gampaha,668,,
2018-07-01,Gampaha,852,,
2018-08-01,Gampaha,661,,
2018-09-01,Gampaha,350,,
2018-10-01,Gampaha,237,,
2018-11-01,Gampaha,590,,
2018-12-01,Gampaha,737,,
2018-01-01,Kalutara,431,,
2018-02-01,Kalutara,314,,
2018-03-01,Kalutara,305,,
2018-04-01,Kalutara,136,,
2018-05-01,Kalutara,169,,
2018-06-01,Kalutara,327,,
2018-07-01,Kalutara,422,,
2018-08-01,Kalutara,262,,
2018-09-01,Kalutara,119,,
2018-10-01,Kalutara,87,,
2018-11-01,Kalutara,233,,
2018-12-01,Kalutara,350,,
2018-01-01,Kandy,481,,
2018-02-01,Kandy,271,,
2018-03-01,Kandy,181,,
2018-04-01,Kandy,140,,
2018-05-01,Kandy,296,,
2018-06-01,Kandy,411,,
2018-07-01,Kandy,494,,
2018-08-01,Kandy,393,,
2018-09-01,Kandy,273,,
2018-10-01,Kandy,193,,
2018-11-01,Kandy,360,,
2018-12-01,Kandy,339,,
2018-01-01,Matale,139,,
2018-02-01,Matale,69,,
2018-03-01,Matale,68,,
2018-04-01,Matale,71,,
2018-05-01,Matale,117,,
2018-06-01,Matale,88,,
2018-07-01,Matale,121,,
2018-08-01,Matale,81,,
2018-09-01,Matale,26,,
2018-10-01,Matale,23,,
2018-11-01,Matale,43,,
2018-12-01,Matale,60,,
2018-01-01,N eliya,23,,
2018-02-01,N eliya,16,,
2018-03-01,N eliya,10,,
2018-04-01,N eliya,15,,
2018-05-01,N eliya,15,,
2018-06-01,N eliya,15,,
2018-07-01,N eliya,37,,
2018-08-01,N eliya,23,,
2018-09-01,N eliya,11,,
2018-10-01,N eliya,13,,
2018-11-01,N eliya,14,,
2018-12-01,N eliya,15,,
2018-01-01,Galle,170,,
2018-02-01,Galle,127,,
2018-03-01,Galle,71,,
2018-04-01,Galle,54,,
2018-05-01,Galle,54,,
2018-06-01,Galle,88,,
2018-07-01,Galle,133,,
2018-08-01,Galle,62,,
2018-09-01,Galle,33,,
2018-10-01,Galle,34,,
2018-11-01,Galle,66,,
2018-12-01,Galle,84,,
2018-01-01,Hambantota,126,,
2018-02-01,Hambantota,120,,
2018-03-01,Hambantota,125,,
2018-04-01,Hambantota,61,,
2018-05-01,Hambantota,21,,
2018-06-01,Hambantota,58,,
2018-07-01,Hambantota,103,,
2018-08-01,Hambantota,78,,
2018-09-01,Hambantota,31,,
2018-10-01,Hambantota,48,,
2018-11-01,Hambantota,100,,
2018-12-01,Hambantota,101,,
2018-01-01,Matara,136,,
2018-02-01,Matara,120,,
2018-03-01,Matara,95,,
2018-04-01,Matara,50,,
2018-05-01,Matara,41,,
2018-06-01,Matara,43,,
2018-07-01,Matara,152,,
2018-08-01,Matara,159,,
2018-09-01,Matara,75,,
2018-10-01,Matara,47,,
2018-11-01,Matara,89,,
2018-12-01,Matara,141,,
2018-01-01,Jaffna,637,,
2018-02-01,Jaffna,314,,
2018-03-01,Jaffna,206,,
2018-04-01,Jaffna,86,,
2018-05-01,Jaffna,100,,
2018-06-01,Jaffna,439,,
2018-07-01,Jaffna,301,,
2018-08-01,Jaffna,201,,
2018-09-01,Jaffna,115,,
2018-10-01,Jaffna,203,,
2018-11-01,Jaffna,525,,
2018-12-01,Jaffna,931,,
2018-01-01,Kilinochchi,38,,
2018-02-01,Kilinochchi,30,,
2018-03-01,Kilinochchi,29,,
2018-04-01,Kilinochchi,18,,
2018-05-01,Kilinochchi,20,,
2018-06-01,Kilinochchi,45,,
2018-07-01,Kilinochchi,33,,
2018-08-01,Kilinochchi,27,,
2018-09-01,Kilinochchi,34,,
2018-10-01,Kilinochchi,9,,
2018-11-01,Kilinochchi,32,,
2018-12-01,Kilinochchi,27,,
2018-01-01,Mannar,12,,
2018-02-01,Mannar,2,,
2018-03-01,Mannar,6,,
2018-04-01,Mannar,5,,
2018-05-01,Mannar,2,,
2018-06-01,Mannar,9,,
2018-07-01,Mannar,111,,
2018-08-01,Mannar,39,,
2018-09-01,Mannar,4,,
2018-10-01,Mannar,6,,
2018-11-01,Mannar,6,,
2018-12-01,Mannar,22,,
2018-01-01,Vavuniya,71,,
2018-02-01,Vavuniya,46,,
2018-03-01,Vavuniya,50,,
2018-04-01,Vavuniya,24,,
2018-05-01,Vavuniya,24,,
2018-06-01,Vavuniya,89,,
2018-07-01,Vavuniya,86,,
2018-08-01,Vavuniya,75,,
2018-09-01,Vavuniya,23,,
2018-10-01,Vavuniya,22,,
2018-11-01,Vavuniya,43,,
2018-12-01,Vavuniya,50,,
2018-01-01,Mullaitivu,10,,
2018-02-01,Mullaitivu,9,,
2018-03-01,Mullaitivu,6,,
2018-04-01,Mullaitivu,4,,
2018-05-01,Mullaitivu,5,,
2018-06-01,Mullaitivu,17,,
2018-07-01,Mullaitivu,17,,
2018-08-01,Mullaitivu,18,,
2018-09-01,Mullaitivu,7,,
2018-10-01,Mullaitivu,8,,
2018-11-01,Mullaitivu,7,,
2018-12-01,Mullaitivu,10,,
2018-01-01,Batticaloa,598,,
2018-02-01,Batticaloa,496,,
2018-03-01,Batticaloa,548,,
2018-04-01,Batticaloa,577,,
2018-05-01,Batticaloa,808,,
2018-06-01,Batticaloa,689,,
2018-07-01,Batticaloa,330,,
2018-08-01,Batticaloa,156,,
2018-09-01,Batticaloa,81,,
2018-10-01,Batticaloa,116,,
2018-11-01,Batticaloa,227,,
2018-12-01,Batticaloa,217,,
2018-01-01,Ampara,24,,
2018-02-01,Ampara,14,,
2018-03-01,Ampara,14,,
2018-04-01,Ampara,8,,
2018-05-01,Ampara,6,,
2018-06-01,Ampara,47,,
2018-07-01,Ampara,60,,
2018-08-01,Ampara,20,,
2018-09-01,Ampara,7,,
2018-10-01,Ampara,8,,
2018-11-01,Ampara,25,,
2018-12-01,Ampara,16,,
2018-01-01,Trincomalee,100,,
2018-02-01,Trincomalee,91,,
2018-03-01,Trincomalee,63,,
2018-04-01,Trincomalee,65,,
2018-05-01,Trincomalee,119,,
2018-06-01,Trincomalee,218,,
2018-07-01,Trincomalee,175,,
2018-08-01,Trincomalee,75,,
2018-09-01,Trincomalee,23,,
2018-10-01,Trincomalee,13,,
2018-11-01,Trincomalee,97,,
2018-12-01,Trincomalee,176,,
2018-01-01,Kurunegala,505,,
2018-02-01,Kurunegala,309,,
2018-03-01,Kurunegala,176,,
2018-04-01,Kurunegala,101,,
2018-05-01,Kurunegala,120,,
2018-06-01,Kurunegala,183,,
2018-07-01,Kurunegala,284,,
2018-08-01,Kurunegala,210,,
2018-09-01,Kurunegala,92,,
2018-10-01,Kurunegala,68,,
2018-11-01,Kurunegala,220,,
2018-12-01,Kurunegala,196,,
2018-01-01,Puttalam,537,,
2018-02-01,Puttalam,270,,
2018-03-01,Puttalam,124,,
2018-04-01,Puttalam,61,,
2018-05-01,Puttalam,103,,
2018-06-01,Puttalam,96,,
2018-07-01,Puttalam,150,,
2018-08-01,Puttalam,31,,
2018-09-01,Puttalam,65,,
2018-10-01,Puttalam,107,,
2018-11-01,Puttalam,301,,
2018-12-01,Puttalam,165,,
2018-01-01,Anuradhapura,107,,
2018-02-01,Anuradhapura,122,,
2018-03-01,Anuradhapura,62,,
2018-04-01,Anuradhapura,47,,
2018-05-01,Anuradhapura,76,,
2018-06-01,Anuradhapura,86,,
2018-07-01,Anuradhapura,136,,
2018-08-01,Anuradhapura,68,,
2018-09-01,Anuradhapura,32,,
2018-10-01,Anuradhapura,26,,
2018-11-01,Anuradhapura,63,,
2018-12-01,Anuradhapura,59,,
2018-01-01,Polonnaruwa,45,,
2018-02-01,Polonnaruwa,21,,
2018-03-01,Polonnaruwa,20,,
2018-04-01,Polonnaruwa,25,,
2018-05-01,Polonnaruwa,25,,
2018-06-01,Polonnaruwa,28,,
2018-07-01,Polonnaruwa,51,,
2018-08-01,Polonnaruwa,26,,
2018-09-01,Polonnaruwa,18,,
2018-10-01,Polonnaruwa,8,,
2018-11-01,Polonnaruwa,24,,
2018-12-01,Polonnaruwa,34,,
2018-01-01,Badulla,76,,
2018-02-01,Badulla,40,,
2018-03-01,Badulla,28,,
2018-04-01,Badulla,32,,
2018-05-01,Badulla,27,,
2018-06-01,Badulla,58,,
2018-07-01,Badulla,74,,
2018-08-01,Badulla,72,,
2018-09-01,Badulla,39,,
2018-10-01,Badulla,39,,
2018-11-01,Badulla,64,,
2018-12-01,Badulla,64,,
2018-01-01,Moneragala,185,,
2018-02-01,Moneragala,120,,
2018-03-01,Moneragala,81,,
2018-04-01,Moneragala,47,,
2018-05-01,Moneragala,50,,
2018-06-01,Moneragala,79,,
2018-07-01,Moneragala,72,,
2018-08-01,Moneragala,70,,
2018-09-01,Moneragala,33,,
2018-10-01,Moneragala,29,,
2018-11-01,Moneragala,34,,
2018-12-01,Moneragala,54,,
2018-01-01,Rathnapura,178,,
2018-02-01,Rathnapura,199,,
2018-03-01,Rathnapura,154,,
2018-04-01,Rathnapura,169,,
2018-05-01,Rathnapura,259,,
2018-06-01,Rathnapura,229,,
2018-07-01,Rathnapura,373,,
2018-08-01,Rathnapura,207,,
2018-09-01,Rathnapura,78,,
2018-10-01,Rathnapura,79,,
2018-11-01,Rathnapura,163,,
2018-12-01,Rathnapura,158,,
2018-01-01,Kegalle,188,,
2018-02-01,Kegalle,114,,
2018-03-01,Kegalle,104,,
2018-04-01,Kegalle,96,,
2018-05-01,Kegalle,107,,
2018-06-01,Kegalle,132,,
2018-07-01,Kegalle,200,,
2018-08-01,Kegalle,165,,
2018-09-01,Kegalle,57,,
2018-10-01,Kegalle,77,,
2018-11-01,Kegalle,157,,
2018-12-01,Kegalle,137,,
2018-01-01,Kalmunai,573,,
2018-02-01,Kalmunai,230,,
2018-03-01,Kalmunai,140,,
2018-04-01,Kalmunai,148,,
2018-05-01,Kalmunai,148,,
2018-06-01,Kalmunai,79,,
2018-07-01,Kalmunai,120,,
2018-08-01,Kalmunai,77,,
2018-09-01,Kalmunai,36,,
2018-10-01,Kalmunai,33,,
2018-11-01,Kalmunai,77,,
2018-12-01,Kalmunai,105,,
2019-01-01,Colombo,1225,,
2019-02-01,Colombo,792,,
2019-03-01,Colombo,815,,
2019-04-01,Colombo,579,,
2019-05-01,Colombo,866,,
2019-06-01,Colombo,1126,,
2019-07-01,Colombo,1857,,
2019-08-01,Colombo,1903,,
2019-09-01,Colombo,1462,,
2019-10-01,Colombo,2593,,
2019-11-01,Colombo,4217,,
2019-12-01,Colombo,3283,,
2019-01-01,Gampaha,724,,
2019-02-01,Gampaha,466,,
2019-03-01,Gampaha,511,,
2019-04-01,Gampaha,429,,
2019-05-01,Gampaha,569,,
2019-06-01,Gampaha,890,,
2019-07-01,Gampaha,1760,,
2019-08-01,Gampaha,2059,,
2019-09-01,Gampaha,1515,,
2019-10-01,Gampaha,2070,,
2019-11-01,Gampaha,3154,,
2019-12-01,Gampaha,2426,,
2019-01-01,Kalutara,372,,
2019-02-01,Kalutara,202,,
2019-03-01,Kalutara,250,,
2019-04-01,Kalutara,219,,
2019-05-01,Kalutara,384,,
2019-06-01,Kalutara,749,,
2019-07-01,Kalutara,1136,,
2019-08-01,Kalutara,1095,,
2019-09-01,Kalutara,737,,
2019-10-01,Kalutara,988,,
2019-11-01,Kalutara,1310,,
2019-12-01,Kalutara,953,,
2019-01-01,Kandy,288,,
2019-02-01,Kandy,229,,
2019-03-01,Kandy,231,,
2019-04-01,Kandy,192,,
2019-05-01,Kandy,296,,
2019-06-01,Kandy,289,,
2019-07-01,Kandy,515,,
2019-08-01,Kandy,677,,
2019-09-01,Kandy,784,,
2019-10-01,Kandy,1502,,
2019-11-01,Kandy,2444,,
2019-12-01,Kandy,1493,,
2019-01-01,Matale,62,,
2019-02-01,Matale,54,,
2019-03-01,Matale,58,,
2019-04-01,Matale,17,,
2019-05-01,Matale,30,,
2019-06-01,Matale,54,,
2019-07-01,Matale,60,,
2019-08-01,Matale,73,,
2019-09-01,Matale,62,,
2019-10-01,Matale,275,,
2019-11-01,Matale,902,,
2019-12-01,Matale,798,,
2019-01-01,N eliya,26,,
2019-02-01,N eliya,17,,
2019-03-01,N eliya,12,,
2019-04-01,N eliya,7,,
2019-05-01,N eliya,19,,
2019-06-01,N eliya,22,,
2019-07-01,N eliya,33,,
2019-08-01,N eliya,31,,
2019-09-01,N eliya,32,,
2019-10-01,N eliya,52,,
2019-11-01,N eliya,97,,
2019-12-01,N eliya,90,,
2019-01-01,Galle,132,,
2019-02-01,Galle,123,,
2019-03-01,Galle,156,,
2019-04-01,Galle,207,,
2019-05-01,Galle,772,,
2019-06-01,Galle,1155,,
2019-07-01,Galle,1055,,
2019-08-01,Galle,956,,
2019-09-01,Galle,470,,
2019-10-01,Galle,536,,
2019-11-01,Galle,993,,
2019-12-01,Galle,823,,
2019-01-01,Hambantota,140,,
2019-02-01,Hambantota,91,,
2019-03-01,Hambantota,80,,
2019-04-01,Hambantota,81,,
2019-05-01,Hambantota,109,,
2019-06-01,Hambantota,124,,
2019-07-01,Hambantota,272,,
2019-08-01,Hambantota,271,,
2019-09-01,Hambantota,199,,
2019-10-01,Hambantota,224,,
2019-11-01,Hambantota,263,,
2019-12-01,Hambantota,195,,
2019-01-01,Matara,219,,
2019-02-01,Matara,133,,
2019-03-01,Matara,101,,
2019-04-01,Matara,106,,
2019-05-01,Matara,130,,
2019-06-01,Matara,291,,
2019-07-01,Matara,583,,
2019-08-01,Matara,717,,
2019-09-01,Matara,383,,
2019-10-01,Matara,493,,
2019-11-01,Matara,543,,
2019-12-01,Matara,355,,
2019-01-01,Jaffna,900,,
2019-02-01,Jaffna,454,,
2019-03-01,Jaffna,268,,
2019-04-01,Jaffna,161,,
2019-05-01,Jaffna,123,,
2019-06-01,Jaffna,59,,
2019-07-01,Jaffna,90,,
2019-08-01,Jaffna,110,,
2019-09-01,Jaffna,154,,
2019-10-01,Jaffna,538,,
2019-11-01,Jaffna,2641,,
2019-12-01,Jaffna,2763,,
2019-01-01,Kilinochchi,34,,
2019-02-01,Kilinochchi,23,,
2019-03-01,Kilinochchi,16,,
2019-04-01,Kilinochchi,11,,
2019-05-01,Kilinochchi,12,,
2019-06-01,Kilinochchi,9,,
2019-07-01,Kilinochchi,11,,
2019-08-01,Kilinochchi,5,,
2019-09-01,Kilinochchi,13,,
2019-10-01,Kilinochchi,22,,
2019-11-01,Kilinochchi,99,,
2019-12-01,Kilinochchi,141,,
2019-01-01,Mannar,27,,
2019-02-01,Mannar,16,,
2019-03-01,Mannar,14,,
2019-04-01,Mannar,9,,
2019-05-01,Mannar,6,,
2019-06-01,Mannar,3,,
2019-07-01,Mannar,1,,
2019-08-01,Mannar,2,,
2019-09-01,Mannar,1,,
2019-10-01,Mannar,22,,
2019-11-01,Mannar,40,,
2019-12-01,Mannar,130,,
2019-01-01,Vavuniya,41,,
2019-02-01,Vavuniya,44,,
2019-03-01,Vavuniya,57,,
2019-04-01,Vavuniya,16,,
2019-05-01,Vavuniya,15,,
2019-06-01,Vavuniya,11,,
2019-07-01,Vavuniya,17,,
2019-08-01,Vavuniya,15,,
2019-09-01,Vavuniya,28,,
2019-10-01,Vavuniya,60,,
2019-11-01,Vavuniya,262,,
2019-12-01,Vavuniya,306,,
2019-01-01,Mullaitivu,47,,
2019-02-01,Mullaitivu,31,,
2019-03-01,Mullaitivu,12,,
2019-04-01,Mullaitivu,3,,
2019-05-01,Mullaitivu,10,,
2019-06-01,Mullaitivu,1,,
2019-07-01,Mullaitivu,10,,
2019-08-01,Mullaitivu,7,,
2019-09-01,Mullaitivu,1,,
2019-10-01,Mullaitivu,18,,
2019-11-01,Mullaitivu,56,,
2019-12-01,Mullaitivu,72,,
2019-01-01,Batticaloa,191,,
2019-02-01,Batticaloa,195,,
2019-03-01,Batticaloa,218,,
2019-04-01,Batticaloa,128,,
2019-05-01,Batticaloa,101,,
2019-06-01,Batticaloa,74,,
2019-07-01,Batticaloa,84,,
2019-08-01,Batticaloa,96,,
2019-09-01,Batticaloa,66,,
2019-10-01,Batticaloa,164,,
2019-11-01,Batticaloa,511,,
2019-12-01,Batticaloa,1020,,
2019-01-01,Ampara,25,,
2019-02-01,Ampara,18,,
2019-03-01,Ampara,37,,
2019-04-01,Ampara,12,,
2019-05-01,Ampara,11,,
2019-06-01,Ampara,24,,
2019-07-01,Ampara,26,,
2019-08-01,Ampara,33,,
2019-09-01,Ampara,24,,
2019-10-01,Ampara,37,,
2019-11-01,Ampara,60,,
2019-12-01,Ampara,81,,
2019-01-01,Trincomalee,157,,
2019-02-01,Trincomalee,106,,
2019-03-01,Trincomalee,164,,
2019-04-01,Trincomalee,148,,
2019-05-01,Trincomalee,108,,
2019-06-01,Trincomalee,97,,
2019-07-01,Trincomalee,105,,
2019-08-01,Trincomalee,52,,
2019-09-01,Trincomalee,45,,
2019-10-01,Trincomalee,85,,
2019-11-01,Trincomalee,536,,
2019-12-01,Trincomalee,1366,,
2019-01-01,Kurunegala,215,,
2019-02-01,Kurunegala,147,,
2019-03-01,Kurunegala,148,,
2019-04-01,Kurunegala,119,,
2019-05-01,Kurunegala,121,,
2019-06-01,Kurunegala,134,,
2019-07-01,Kurunegala,259,,
2019-08-01,Kurunegala,263,,
2019-09-01,Kurunegala,195,,
2019-10-01,Kurunegala,350,,
2019-11-01,Kurunegala,612,,
2019-12-01,Kurunegala,655,,
2019-01-01,Puttalam,79,,
2019-02-01,Puttalam,60,,
2019-03-01,Puttalam,52,,
2019-04-01,Puttalam,29,,
2019-05-01,Puttalam,33,,
2019-06-01,Puttalam,92,,
2019-07-01,Puttalam,137,,
2019-08-01,Puttalam,150,,
2019-09-01,Puttalam,159,,
2019-10-01,Puttalam,355,,
2019-11-01,Puttalam,624,,
2019-12-01,Puttalam,487,,
2019-01-01,Anuradhapura,64,,
2019-02-01,Anuradhapura,53,,
2019-03-01,Anuradhapura,51,,
2019-04-01,Anuradhapura,34,,
2019-05-01,Anuradhapura,36,,
2019-06-01,Anuradhapura,62,,
2019-07-01,Anuradhapura,78,,
2019-08-01,Anuradhapura,103,,
2019-09-01,Anuradhapura,54,,
2019-10-01,Anuradhapura,105,,
2019-11-01,Anuradhapura,254,,
2019-12-01,Anuradhapura,270,,
2019-01-01,Polonnaruwa,39,,
2019-02-01,Polonnaruwa,19,,
2019-03-01,Polonnaruwa,25,,
2019-04-01,Polonnaruwa,21,,
2019-05-01,Polonnaruwa,23,,
2019-06-01,Polonnaruwa,40,,
2019-07-01,Polonnaruwa,49,,
2019-08-01,Polonnaruwa,43,,
2019-09-01,Polonnaruwa,36,,
2019-10-01,Polonnaruwa,51,,
2019-11-01,Polonnaruwa,108,,
2019-12-01,Polonnaruwa,107,,
2019-01-01,Badulla,79,,
2019-02-01,Badulla,68,,
2019-03-01,Badulla,73,,
2019-04-01,Badulla,45,,
2019-05-01,Badulla,41,,
2019-06-01,Badulla,88,,
2019-07-01,Badulla,113,,
2019-08-01,Badulla,144,,
2019-09-01,Badulla,126,,
2019-10-01,Badulla,230,,
2019-11-01,Badulla,490,,
2019-12-01,Badulla,425,,
2019-01-01,Moneragala,60,,
2019-02-01,Moneragala,38,,
2019-03-01,Moneragala,49,,
2019-04-01,Moneragala,39,,
2019-05-01,Moneragala,29,,
2019-06-01,Moneragala,59,,
2019-07-01,Moneragala,48,,
2019-08-01,Moneragala,11,,
2019-09-01,Moneragala,0,,
2019-10-01,Moneragala,0,,
2019-11-01,Moneragala,0,,
2019-12-01,Moneragala,0,,
2019-01-01,Rathnapura,177,,
2019-02-01,Rathnapura,165,,
2019-03-01,Rathnapura,210,,
2019-04-01,Rathnapura,176,,
2019-05-01,Rathnapura,235,,
2019-06-01,Rathnapura,347,,
2019-07-01,Rathnapura,354,,
2019-08-01,Rathnapura,439,,
2019-09-01,Rathnapura,415,,
2019-10-01,Rathnapura,425,,
2019-11-01,Rathnapura,687,,
2019-12-01,Rathnapura,456,,
2019-01-01,Kegalle,150,,
2019-02-01,Kegalle,98,,
2019-03-01,Kegalle,109,,
2019-04-01,Kegalle,90,,
2019-05-01,Kegalle,114,,
2019-06-01,Kegalle,171,,
2019-07-01,Kegalle,215,,
2019-08-01,Kegalle,258,,
2019-09-01,Kegalle,317,,
2019-10-01,Kegalle,332,,
2019-11-01,Kegalle,494,,
2019-12-01,Kegalle,368,,
2019-01-01,Kalmunai,107,,
2019-02-01,Kalmunai,94,,
2019-03-01,Kalmunai,115,,
2019-04-01,Kalmunai,92,,
2019-05-01,Kalmunai,67,,
2019-06-01,Kalmunai,48,,
2019-07-01,Kalmunai,29,,
2019-08-01,Kalmunai,33,,
2019-09-01,Kalmunai,29,,
2019-10-01,Kalmunai,46,,
2019-11-01,Kalmunai,372,,
2019-12-01,Kalmunai,497,,
2020-01-01,Colombo,2672,,
2020-02-01,Colombo,1040,,
2020-03-01,Colombo,279,,
2020-04-01,Colombo,38,,
2020-05-01,Colombo,304,,
2020-06-01,Colombo,393,,
2020-07-01,Colombo,361,,
2020-08-01,Colombo,348,,
2020-09-01,Colombo,260,,
2020-10-01,Colombo,138,,
2020-11-01,Colombo,86,,
2020-12-01,Colombo,165,,
2020-01-01,Gampaha,1316,,
2020-02-01,Gampaha,490,,
2020-03-01,Gampaha,126,,
2020-04-01,Gampaha,46,,
2020-05-01,Gampaha,102,,
2020-06-01,Gampaha,215,,
2020-07-01,Gampaha,186,,
2020-08-01,Gampaha,223,,
2020-09-01,Gampaha,199,,
2020-10-01,Gampaha,78,,
2020-11-01,Gampaha,63,,
2020-12-01,Gampaha,111,,
2020-01-01,Kalutara,631,,
2020-02-01,Kalutara,254,,
2020-03-01,Kalutara,117,,
2020-04-01,Kalutara,39,,
2020-05-01,Kalutara,108,,
2020-06-01,Kalutara,218,,
2020-07-01,Kalutara,132,,
2020-08-01,Kalutara,87,,
2020-09-01,Kalutara,64,,
2020-10-01,Kalutara,27,,
2020-11-01,Kalutara,35,,
2020-12-01,Kalutara,69,,
2020-01-01,Kandy,878,,
2020-02-01,Kandy,326,,
2020-03-01,Kandy,125,,
2020-04-01,Kandy,72,,
2020-05-01,Kandy,293,,
2020-06-01,Kandy,570,,
2020-07-01,Kandy,622,,
2020-08-01,Kandy,456,,
2020-09-01,Kandy,299,,
2020-10-01,Kandy,220,,
2020-11-01,Kandy,148,,
2020-12-01,Kandy,75,,
2020-01-01,Matale,277,,
2020-02-01,Matale,109,,
2020-03-01,Matale,45,,
2020-04-01,Matale,10,,
2020-05-01,Matale,22,,
2020-06-01,Matale,38,,
2020-07-01,Matale,36,,
2020-08-01,Matale,22,,
2020-09-01,Matale,20,,
2020-10-01,Matale,10,,
2020-11-01,Matale,13,,
2020-12-01,Matale,17,,
2020-01-01,N eliya,47,,
2020-02-01,N eliya,17,,
2020-03-01,N eliya,5,,
2020-04-01,N eliya,0,,
2020-05-01,N eliya,7,,
2020-06-01,N eliya,11,,
2020-07-01,N eliya,9,,
2020-08-01,N eliya,5,,
2020-09-01,N eliya,6,,
2020-10-01,N eliya,3,,
2020-11-01,N eliya,1,,
2020-12-01,N eliya,3,,
2020-01-01,Galle,535,,
2020-02-01,Galle,183,,
2020-03-01,Galle,26,,
2020-04-01,Galle,54,,
2020-05-01,Galle,222,,
2020-06-01,Galle,154,,
2020-07-01,Galle,90,,
2020-08-01,Galle,53,,
2020-09-01,Galle,37,,
2020-10-01,Galle,18,,
2020-11-01,Galle,15,,
2020-12-01,Galle,22,,
2020-01-01,Hambantota,168,,
2020-02-01,Hambantota,61,,
2020-03-01,Hambantota,14,,
2020-04-01,Hambantota,8,,
2020-05-01,Hambantota,6,,
2020-06-01,Hambantota,17,,
2020-07-01,Hambantota,21,,
2020-08-01,Hambantota,11,,
2020-09-01,Hambantota,13,,
2020-10-01,Hambantota,3,,
2020-11-01,Hambantota,8,,
2020-12-01,Hambantota,11,,
2020-01-01,Matara,201,,
2020-02-01,Matara,91,,
2020-03-01,Matara,28,,
2020-04-01,Matara,13,,
2020-05-01,Matara,33,,
2020-06-01,Matara,50,,
2020-07-01,Matara,39,,
2020-08-01,Matara,31,,
2020-09-01,Matara,25,,
2020-10-01,Matara,27,,
2020-11-01,Matara,17,,
2020-12-01,Matara,9,,
2020-01-01,Jaffna,1064,,
2020-02-01,Jaffna,421,,
2020-03-01,Jaffna,102,,
2020-04-01,Jaffna,12,,
2020-05-01,Jaffna,76,,
2020-06-01,Jaffna,55,,
2020-07-01,Jaffna,38,,
2020-08-01,Jaffna,22,,
2020-09-01,Jaffna,39,,
2020-10-01,Jaffna,32,,
2020-11-01,Jaffna,16,,
2020-12-01,Jaffna,23,,
2020-01-01,Kilinochchi,42,,
2020-02-01,Kilinochchi,12,,
2020-03-01,Kilinochchi,2,,
2020-04-01,Kilinochchi,0,,
2020-05-01,Kilinochchi,1,,
2020-06-01,Kilinochchi,7,,
2020-07-01,Kilinochchi,4,,
2020-08-01,Kilinochchi,1,,
2020-09-01,Kilinochchi,1,,
2020-10-01,Kilinochchi,3,,
2020-11-01,Kilinochchi,2,,
2020-12-01,Kilinochchi,1,,
2020-01-01,Mannar,84,,
2020-02-01,Mannar,21,,
2020-03-01,Mannar,0,,
2020-04-01,Mannar,0,,
2020-05-01,Mannar,2,,
2020-06-01,Mannar,6,,
2020-07-01,Mannar,4,,
2020-08-01,Mannar,7,,
2020-09-01,Mannar,2,,
2020-10-01,Mannar,0,,
2020-11-01,Mannar,1,,
2020-12-01,Mannar,3,,
2020-01-01,Vavuniya,16,,
2020-02-01,Vavuniya,246,,
2020-03-01,Vavuniya,9,,
2020-04-01,Vavuniya,2,,
2020-05-01,Vavuniya,0,,
2020-06-01,Vavuniya,1,,
2020-07-01,Vavuniya,6,,
2020-08-01,Vavuniya,1,,
2020-09-01,Vavuniya,2,,
2020-10-01,Vavuniya,0,,
2020-11-01,Vavuniya,1,,
2020-12-01,Vavuniya,3,,
2020-01-01,Mullaitivu,42,,
2020-02-01,Mullaitivu,14,,
2020-03-01,Mullaitivu,3,,
2020-04-01,Mullaitivu,0,,
2020-05-01,Mullaitivu,3,,
2020-06-01,Mullaitivu,2,,
2020-07-01,Mullaitivu,2,,
2020-08-01,Mullaitivu,4,,
2020-09-01,Mullaitivu,1,,
2020-10-01,Mullaitivu,0,,
2020-11-01,Mullaitivu,0,,
2020-12-01,Mullaitivu,2,,
2020-01-01,Batticaloa,1256,,
2020-02-01,Batticaloa,701,,
2020-03-01,Batticaloa,230,,
2020-04-01,Batticaloa,87,,
2020-05-01,Batticaloa,69,,
2020-06-01,Batticaloa,78,,
2020-07-01,Batticaloa,68,,
2020-08-01,Batticaloa,48,,
2020-09-01,Batticaloa,52,,
2020-10-01,Batticaloa,310,,
2020-11-01,Batticaloa,467,,
2020-12-01,Batticaloa,1248,,
2020-01-01,Ampara,161,,
2020-02-01,Ampara,89,,
2020-03-01,Ampara,34,,
2020-04-01,Ampara,0,,
2020-05-01,Ampara,3,,
2020-06-01,Ampara,11,,
2020-07-01,Ampara,4,,
2020-08-01,Ampara,2,,
2020-09-01,Ampara,3,,
2020-10-01,Ampara,3,,
2020-11-01,Ampara,3,,
2020-12-01,Ampara,2,,
2020-01-01,Trincomalee,1528,,
2020-02-01,Trincomalee,477,,
2020-03-01,Trincomalee,147,,
2020-04-01,Trincomalee,25,,
2020-05-01,Trincomalee,34,,
2020-06-01,Trincomalee,18,,
2020-07-01,Trincomalee,13,,
2020-08-01,Trincomalee,6,,
2020-09-01,Trincomalee,6,,
2020-10-01,Trincomalee,6,,
2020-11-01,Trincomalee,8,,
2020-12-01,Trincomalee,11,,
2020-01-01,Kurunegala,392,,
2020-02-01,Kurunegala,134,,
2020-03-01,Kurunegala,31,,
2020-04-01,Kurunegala,3,,
2020-05-01,Kurunegala,18,,
2020-06-01,Kurunegala,44,,
2020-07-01,Kurunegala,49,,
2020-08-01,Kurunegala,48,,
2020-09-01,Kurunegala,31,,
2020-10-01,Kurunegala,31,,
2020-11-01,Kurunegala,19,,
2020-12-01,Kurunegala,36,,
2020-01-01,Puttalam,274,,
2020-02-01,Puttalam,86,,
2020-03-01,Puttalam,19,,
2020-04-01,Puttalam,8,,
2020-05-01,Puttalam,16,,
2020-06-01,Puttalam,23,,
2020-07-01,Puttalam,31,,
2020-08-01,Puttalam,27,,
2020-09-01,Puttalam,13,,
2020-10-01,Puttalam,23,,
2020-11-01,Puttalam,22,,
2020-12-01,Puttalam,25,,
2020-01-01,Anuradhapura,145,,
2020-02-01,Anuradhapura,75,,
2020-03-01,Anuradhapura,35,,
2020-04-01,Anuradhapura,4,,
2020-05-01,Anuradhapura,17,,
2020-06-01,Anuradhapura,10,,
2020-07-01,Anuradhapura,15,,
2020-08-01,Anuradhapura,12,,
2020-09-01,Anuradhapura,13,,
2020-10-01,Anuradhapura,8,,
2020-11-01,Anuradhapura,7,,
2020-12-01,Anuradhapura,16,,
2020-01-01,Polonnaruwa,96,,
2020-02-01,Polonnaruwa,52,,
2020-03-01,Polonnaruwa,13,,
2020-04-01,Polonnaruwa,1,,
2020-05-01,Polonnaruwa,2,,
2020-06-01,Polonnaruwa,0,,
2020-07-01,Polonnaruwa,1,,
2020-08-01,Polonnaruwa,0,,
2020-09-01,Polonnaruwa,4,,
2020-10-01,Polonnaruwa,3,,
2020-11-01,Polonnaruwa,2,,
2020-12-01,Polonnaruwa,2,,
2020-01-01,Badulla,209,,
2020-02-01,Badulla,77,,
2020-03-01,Badulla,16,,
2020-04-01,Badulla,8,,
2020-05-01,Badulla,10,,
2020-06-01,Badulla,38,,
2020-07-01,Badulla,27,,
2020-08-01,Badulla,18,,
2020-09-01,Badulla,12,,
2020-10-01,Badulla,22,,
2020-11-01,Badulla,29,,
2020-12-01,Badulla,31,,
2020-01-01,Moneragala,127,,
2020-02-01,Moneragala,71,,
2020-03-01,Moneragala,13,,
2020-04-01,Moneragala,1,,
2020-05-01,Moneragala,9,,
2020-06-01,Moneragala,18,,
2020-07-01,Moneragala,18,,
2020-08-01,Moneragala,28,,
2020-09-01,Moneragala,23,,
2020-10-01,Moneragala,18,,
2020-11-01,Moneragala,11,,
2020-12-01,Moneragala,12,,
2020-01-01,Rathnapura,323,,
2020-02-01,Rathnapura,159,,
2020-03-01,Rathnapura,81,,
2020-04-01,Rathnapura,59,,
2020-05-01,Rathnapura,256,,
2020-06-01,Rathnapura,381,,
2020-07-01,Rathnapura,296,,
2020-08-01,Rathnapura,164,,
2020-09-01,Rathnapura,134,,
2020-10-01,Rathnapura,53,,
2020-11-01,Rathnapura,31,,
2020-12-01,Rathnapura,27,,
2020-01-01,Kegalle,193,,
2020-02-01,Kegalle,90,,
2020-03-01,Kegalle,38,,
2020-04-01,Kegalle,39,,
2020-05-01,Kegalle,86,,
2020-06-01,Kegalle,90,,
2020-07-01,Kegalle,91,,
2020-08-01,Kegalle,68,,
2020-09-01,Kegalle,49,,
2020-10-01,Kegalle,28,,
2020-11-01,Kegalle,49,,
2020-12-01,Kegalle,38,,
2020-01-01,Kalmunai,595,,
2020-02-01,Kalmunai,209,,
2020-03-01,Kalmunai,54,,
2020-04-01,Kalmunai,22,,
2020-05-01,Kalmunai,3,,
2020-06-01,Kalmunai,6,,
2020-07-01,Kalmunai,2,,
2020-08-01,Kalmunai,8,,
2020-09-01,Kalmunai,34,,
2020-10-01,Kalmunai,25,,
2020-11-01,Kalmunai,12,,
2020-12-01,Kalmunai,11,,



2021-01-01,Colombo,208,,
2021-02-01,Colombo,388,,
2021-03-01,Colombo,677,,
2021-04-01,Colombo,773,,
2021-05-01,Colombo,588,,
2021-06-01,Colombo,1235,,
2021-07-01,Colombo,1286,,
2021-08-01,Colombo,455,,
2021-09-01,Colombo,572,,
2021-10-01,Colombo,1132,,
2021-11-01,Colombo,1466,,
2021-12-01,Colombo,2886,,
2021-01-01,Gampaha,123,,
2021-02-01,Gampaha,199,,
2021-03-01,Gampaha,285,,
2021-04-01,Gampaha,268,,
2021-05-01,Gampaha,211,,
2021-06-01,Gampaha,491,,
2021-07-01,Gampaha,642,,
2021-08-01,Gampaha,181,,
2021-09-01,Gampaha,256,,
2021-10-01,Gampaha,685,,
2021-11-01,Gampaha,1172,,
2021-12-01,Gampaha,2115,,
2021-01-01,Kalutara,77,,
2021-02-01,Kalutara,76,,
2021-03-01,Kalutara,132,,
2021-04-01,Kalutara,162,,
2021-05-01,Kalutara,99,,
2021-06-01,Kalutara,192,,
2021-07-01,Kalutara,304,,
2021-08-01,Kalutara,131,,
2021-09-01,Kalutara,112,,
2021-10-01,Kalutara,291,,
2021-11-01,Kalutara,454,,
2021-12-01,Kalutara,872,,
2021-01-01,Kandy,74,,
2021-02-01,Kandy,54,,
2021-03-01,Kandy,82,,
2021-04-01,Kandy,97,,
2021-05-01,Kandy,53,,
2021-06-01,Kandy,110,,
2021-07-01,Kandy,159,,
2021-08-01,Kandy,86,,
2021-09-01,Kandy,93,,
2021-10-01,Kandy,148,,
2021-11-01,Kandy,219,,
2021-12-01,Kandy,349,,
2021-01-01,Matale,9,,
2021-02-01,Matale,9,,
2021-03-01,Matale,13,,
2021-04-01,Matale,15,,
2021-05-01,Matale,8,,
2021-06-01,Matale,22,,
2021-07-01,Matale,51,,
2021-08-01,Matale,37,,
2021-09-01,Matale,15,,
2021-10-01,Matale,28,,
2021-11-01,Matale,39,,
2021-12-01,Matale,45,,
2021-01-01,N eliya,7,,
2021-02-01,N eliya,3,,
2021-03-01,N eliya,10,,
2021-04-01,N eliya,8,,
2021-05-01,N eliya,4,,
2021-06-01,N eliya,6,,
2021-07-01,N eliya,5,,
2021-08-01,N eliya,8,,
2021-09-01,N eliya,9,,
2021-10-01,N eliya,10,,
2021-11-01,N eliya,14,,
2021-12-01,N eliya,30,,
2021-01-01,Galle,23,,
2021-02-01,Galle,20,,
2021-03-01,Galle,33,,
2021-04-01,Galle,53,,
2021-05-01,Galle,7,,
2021-06-01,Galle,100,,
2021-07-01,Galle,56,,
2021-08-01,Galle,31,,
2021-09-01,Galle,41,,
2021-10-01,Galle,69,,
2021-11-01,Galle,106,,
2021-12-01,Galle,205,,
2021-01-01,Hambantota,22,,
2021-02-01,Hambantota,24,,
2021-03-01,Hambantota,34,,
2021-04-01,Hambantota,42,,
2021-05-01,Hambantota,25,,
2021-06-01,Hambantota,68,,
2021-07-01,Hambantota,51,,
2021-08-01,Hambantota,24,,
2021-09-01,Hambantota,23,,
2021-10-01,Hambantota,40,,
2021-11-01,Hambantota,43,,
2021-12-01,Hambantota,82,,
2021-01-01,Matara,23,,
2021-02-01,Matara,37,,
2021-03-01,Matara,36,,
2021-04-01,Matara,39,,
2021-05-01,Matara,25,,
2021-06-01,Matara,158,,
2021-07-01,Matara,103,,
2021-08-01,Matara,55,,
2021-09-01,Matara,35,,
2021-10-01,Matara,60,,
2021-11-01,Matara,82,,
2021-12-01,Matara,105,,
2021-01-01,Jaffna,14,,
2021-02-01,Jaffna,4,,
2021-03-01,Jaffna,6,,
2021-04-01,Jaffna,5,,
2021-05-01,Jaffna,2,,
2021-06-01,Jaffna,3,,
2021-07-01,Jaffna,3,,
2021-08-01,Jaffna,1,,
2021-09-01,Jaffna,0,,
2021-10-01,Jaffna,1,,
2021-11-01,Jaffna,20,,
2021-12-01,Jaffna,155,,
2021-01-01,Kilinochchi,4,,
2021-02-01,Kilinochchi,4,,
2021-03-01,Kilinochchi,2,,
2021-04-01,Kilinochchi,1,,
2021-05-01,Kilinochchi,1,,
2021-06-01,Kilinochchi,0,,
2021-07-01,Kilinochchi,1,,
2021-08-01,Kilinochchi,1,,
2021-09-01,Kilinochchi,0,,
2021-10-01,Kilinochchi,0,,
2021-11-01,Kilinochchi,2,,
2021-12-01,Kilinochchi,14,,
2021-01-01,Mannar,5,,
2021-02-01,Mannar,4,,
2021-03-01,Mannar,5,,
2021-04-01,Mannar,6,,
2021-05-01,Mannar,1,,
2021-06-01,Mannar,1,,
2021-07-01,Mannar,1,,
2021-08-01,Mannar,1,,
2021-09-01,Mannar,0,,
2021-10-01,Mannar,3,,
2021-11-01,Mannar,27,,
2021-12-01,Mannar,306,,
2021-01-01,Vavuniya,3,,
2021-02-01,Vavuniya,11,,
2021-03-01,Vavuniya,9,,
2021-04-01,Vavuniya,2,,
2021-05-01,Vavuniya,2,,
2021-06-01,Vavuniya,1,,
2021-07-01,Vavuniya,4,,
2021-08-01,Vavuniya,2,,
2021-09-01,Vavuniya,0,,
2021-10-01,Vavuniya,3,,
2021-11-01,Vavuniya,7,,
2021-12-01,Vavuniya,11,,
2021-01-01,Mullaitivu,0,,
2021-02-01,Mullaitivu,0,,
2021-03-01,Mullaitivu,0,,
2021-04-01,Mullaitivu,0,,
2021-05-01,Mullaitivu,0,,
2021-06-01,Mullaitivu,0,,
2021-07-01,Mullaitivu,0,,
2021-08-01,Mullaitivu,0,,
2021-09-01,Mullaitivu,0,,
2021-10-01,Mullaitivu,1,,
2021-11-01,Mullaitivu,0,,
2021-12-01,Mullaitivu,1,,
2021-01-01,Batticaloa,1276,,
2021-02-01,Batticaloa,1214,,
2021-03-01,Batticaloa,450,,
2021-04-01,Batticaloa,249,,
2021-05-01,Batticaloa,115,,
2021-06-01,Batticaloa,48,,
2021-07-01,Batticaloa,21,,
2021-08-01,Batticaloa,7,,
2021-09-01,Batticaloa,7,,
2021-10-01,Batticaloa,21,,
2021-11-01,Batticaloa,31,,
2021-12-01,Batticaloa,83,,
2021-01-01,Ampara,4,,
2021-02-01,Ampara,6,,
2021-03-01,Ampara,6,,
2021-04-01,Ampara,10,,
2021-05-01,Ampara,6,,
2021-06-01,Ampara,19,,
2021-07-01,Ampara,11,,
2021-08-01,Ampara,0,,
2021-09-01,Ampara,5,,
2021-10-01,Ampara,7,,
2021-11-01,Ampara,9,,
2021-12-01,Ampara,36,,
2021-01-01,Trincomalee,11,,
2021-02-01,Trincomalee,39,,
2021-03-01,Trincomalee,35,,
2021-04-01,Trincomalee,20,,
2021-05-01,Trincomalee,10,,
2021-06-01,Trincomalee,12,,
2021-07-01,Trincomalee,2,,
2021-08-01,Trincomalee,4,,
2021-09-01,Trincomalee,10,,
2021-10-01,Trincomalee,10,,
2021-11-01,Trincomalee,51,,
2021-12-01,Trincomalee,112,,
2021-01-01,Kurunegala,53,,
2021-02-01,Kurunegala,65,,
2021-03-01,Kurunegala,153,,
2021-04-01,Kurunegala,124,,
2021-05-01,Kurunegala,74,,
2021-06-01,Kurunegala,179,,
2021-07-01,Kurunegala,222,,
2021-08-01,Kurunegala,93,,
2021-09-01,Kurunegala,52,,
2021-10-01,Kurunegala,139,,
2021-11-01,Kurunegala,262,,
2021-12-01,Kurunegala,454,,
2021-01-01,Puttalam,49,,
2021-02-01,Puttalam,37,,
2021-03-01,Puttalam,58,,
2021-04-01,Puttalam,54,,
2021-05-01,Puttalam,28,,
2021-06-01,Puttalam,34,,
2021-07-01,Puttalam,41,,
2021-08-01,Puttalam,25,,
2021-09-01,Puttalam,17,,
2021-10-01,Puttalam,35,,
2021-11-01,Puttalam,95,,
2021-12-01,Puttalam,321,,
2021-01-01,Anuradhapura,14,,
2021-02-01,Anuradhapura,18,,
2021-03-01,Anuradhapura,27,,
2021-04-01,Anuradhapura,42,,
2021-05-01,Anuradhapura,17,,
2021-06-01,Anuradhapura,78,,
2021-07-01,Anuradhapura,46,,
2021-08-01,Anuradhapura,24,,
2021-09-01,Anuradhapura,13,,
2021-10-01,Anuradhapura,19,,
2021-11-01,Anuradhapura,33,,
2021-12-01,Anuradhapura,48,,
2021-01-01,Polonnaruwa,4,,
2021-02-01,Polonnaruwa,6,,
2021-03-01,Polonnaruwa,0,,
2021-04-01,Polonnaruwa,3,,
2021-05-01,Polonnaruwa,4,,
2021-06-01,Polonnaruwa,12,,
2021-07-01,Polonnaruwa,21,,
2021-08-01,Polonnaruwa,9,,
2021-09-01,Polonnaruwa,7,,
2021-10-01,Polonnaruwa,13,,
2021-11-01,Polonnaruwa,18,,
2021-12-01,Polonnaruwa,29,,
2021-01-01,Badulla,23,,
2021-02-01,Badulla,2,,
2021-03-01,Badulla,16,,
2021-04-01,Badulla,24,,
2021-05-01,Badulla,22,,
2021-06-01,Badulla,67,,
2021-07-01,Badulla,52,,
2021-08-01,Badulla,20,,
2021-09-01,Badulla,25,,
2021-10-01,Badulla,105,,
2021-11-01,Badulla,202,,
2021-12-01,Badulla,231,,
2021-01-01,Moneragala,9,,
2021-02-01,Moneragala,4,,
2021-03-01,Moneragala,16,,
2021-04-01,Moneragala,12,,
2021-05-01,Moneragala,7,,
2021-06-01,Moneragala,24,,
2021-07-01,Moneragala,43,,
2021-08-01,Moneragala,8,,
2021-09-01,Moneragala,11,,
2021-10-01,Moneragala,12,,
2021-11-01,Moneragala,17,,
2021-12-01,Moneragala,40,,
2021-01-01,Rathnapura,36,,
2021-02-01,Rathnapura,64,,
2021-03-01,Rathnapura,100,,
2021-04-01,Rathnapura,77,,
2021-05-01,Rathnapura,40,,
2021-06-01,Rathnapura,65,,
2021-07-01,Rathnapura,93,,
2021-08-01,Rathnapura,57,,
2021-09-01,Rathnapura,44,,
2021-10-01,Rathnapura,91,,
2021-11-01,Rathnapura,87,,
2021-12-01,Rathnapura,198,,
2021-01-01,Kegalle,24,,
2021-02-01,Kegalle,38,,
2021-03-01,Kegalle,65,,
2021-04-01,Kegalle,93,,
2021-05-01,Kegalle,55,,
2021-06-01,Kegalle,58,,
2021-07-01,Kegalle,73,,
2021-08-01,Kegalle,26,,
2021-09-01,Kegalle,19,,
2021-10-01,Kegalle,50,,
2021-11-01,Kegalle,91,,
2021-12-01,Kegalle,189,,
2021-01-01,Kalmunai,27,,
2021-02-01,Kalmunai,29,,
2021-03-01,Kalmunai,62,,
2021-04-01,Kalmunai,62,,
2021-05-01,Kalmunai,37,,
2021-06-01,Kalmunai,14,,
2021-07-01,Kalmunai,1,,
2021-08-01,Kalmunai,2,,
2021-09-01,Kalmunai,4,,
2021-10-01,Kalmunai,6,,
2021-11-01,Kalmunai,14,,
2021-12-01,Kalmunai,49,,

2022-01-01,Colombo,1910,,
2022-02-01,Colombo,659,,
2022-03-01,Colombo,598,,
2022-04-01,Colombo,758,,
2022-05-01,Colombo,1675,,
2022-06-01,Colombo,3362,,
2022-07-01,Colombo,3137,,
2022-08-01,Colombo,1357,,
2022-09-01,Colombo,742,,
2022-10-01,Colombo,867,,
2022-11-01,Colombo,841,,
2022-12-01,Colombo,1550,,
2022-01-01,Gampaha,1491,,
2022-02-01,Gampaha,408,,
2022-03-01,Gampaha,309,,
2022-04-01,Gampaha,396,,
2022-05-01,Gampaha,680,,
2022-06-01,Gampaha,1682,,
2022-07-01,Gampaha,1843,,
2022-08-01,Gampaha,1464,,
2022-09-01,Gampaha,1103,,
2022-10-01,Gampaha,1044,,
2022-11-01,Gampaha,1279,,
2022-12-01,Gampaha,1618,,
2022-01-01,Kalutara,601,,
2022-02-01,Kalutara,276,,
2022-03-01,Kalutara,337,,
2022-04-01,Kalutara,460,,
2022-05-01,Kalutara,688,,
2022-06-01,Kalutara,1104,,
2022-07-01,Kalutara,1034,,
2022-08-01,Kalutara,501,,
2022-09-01,Kalutara,304,,
2022-10-01,Kalutara,300,,
2022-11-01,Kalutara,267,,
2022-12-01,Kalutara,413,,
2022-01-01,Kandy,363,,
2022-02-01,Kandy,105,,
2022-03-01,Kandy,133,,
2022-04-01,Kandy,191,,
2022-05-01,Kandy,422,,
2022-06-01,Kandy,1064,,
2022-07-01,Kandy,1335,,
2022-08-01,Kandy,941,,
2022-09-01,Kandy,556,,
2022-10-01,Kandy,508,,
2022-11-01,Kandy,468,,
2022-12-01,Kandy,381,,
2022-01-01,Matale,70,,
2022-02-01,Matale,26,,
2022-03-01,Matale,27,,
2022-04-01,Matale,36,,
2022-05-01,Matale,69,,
2022-06-01,Matale,253,,
2022-07-01,Matale,176,,
2022-08-01,Matale,155,,
2022-09-01,Matale,108,,
2022-10-01,Matale,124,,
2022-11-01,Matale,133,,
2022-12-01,Matale,116,,
2022-01-01,N eliya,20,,
2022-02-01,N eliya,13,,
2022-03-01,N eliya,7,,
2022-04-01,N eliya,4,,
2022-05-01,N eliya,20,,
2022-06-01,N eliya,28,,
2022-07-01,N eliya,29,,
2022-08-01,N eliya,15,,
2022-09-01,N eliya,6,,
2022-10-01,N eliya,17,,
2022-11-01,N eliya,18,,
2022-12-01,N eliya,26,,
2022-01-01,Galle,394,,
2022-02-01,Galle,180,,
2022-03-01,Galle,238,,
2022-04-01,Galle,334,,
2022-05-01,Galle,455,,
2022-06-01,Galle,606,,
2022-07-01,Galle,576,,
2022-08-01,Galle,300,,
2022-09-01,Galle,172,,
2022-10-01,Galle,183,,
2022-11-01,Galle,171,,
2022-12-01,Galle,193,,
2022-01-01,Hambantota,124,,
2022-02-01,Hambantota,37,,
2022-03-01,Hambantota,41,,
2022-04-01,Hambantota,108,,
2022-05-01,Hambantota,160,,
2022-06-01,Hambantota,230,,
2022-07-01,Hambantota,317,,
2022-08-01,Hambantota,170,,
2022-09-01,Hambantota,66,,
2022-10-01,Hambantota,60,,
2022-11-01,Hambantota,62,,
2022-12-01,Hambantota,64,,
2022-01-01,Matara,146,,
2022-02-01,Matara,46,,
2022-03-01,Matara,69,,
2022-04-01,Matara,126,,
2022-05-01,Matara,178,,
2022-06-01,Matara,228,,
2022-07-01,Matara,256,,
2022-08-01,Matara,204,,
2022-09-01,Matara,114,,
2022-10-01,Matara,112,,
2022-11-01,Matara,76,,
2022-12-01,Matara,125,,
2022-01-01,Jaffna,269,,
2022-02-01,Jaffna,224,,
2022-03-01,Jaffna,246,,
2022-04-01,Jaffna,336,,
2022-05-01,Jaffna,382,,
2022-06-01,Jaffna,349,,
2022-07-01,Jaffna,192,,
2022-08-01,Jaffna,163,,
2022-09-01,Jaffna,161,,
2022-10-01,Jaffna,221,,
2022-11-01,Jaffna,316,,
2022-12-01,Jaffna,551,,
2022-01-01,Kilinochchi,26,,
2022-02-01,Kilinochchi,6,,
2022-03-01,Kilinochchi,12,,
2022-04-01,Kilinochchi,9,,
2022-05-01,Kilinochchi,15,,
2022-06-01,Kilinochchi,17,,
2022-07-01,Kilinochchi,7,,
2022-08-01,Kilinochchi,12,,
2022-09-01,Kilinochchi,6,,
2022-10-01,Kilinochchi,7,,
2022-11-01,Kilinochchi,5,,
2022-12-01,Kilinochchi,17,,
2022-01-01,Mannar,115,,
2022-02-01,Mannar,21,,
2022-03-01,Mannar,7,,
2022-04-01,Mannar,8,,
2022-05-01,Mannar,5,,
2022-06-01,Mannar,16,,
2022-07-01,Mannar,3,,
2022-08-01,Mannar,4,,
2022-09-01,Mannar,1,,
2022-10-01,Mannar,23,,
2022-11-01,Mannar,44,,
2022-12-01,Mannar,35,,
2022-01-01,Vavuniya,26,,
2022-02-01,Vavuniya,6,,
2022-03-01,Vavuniya,7,,
2022-04-01,Vavuniya,3,,
2022-05-01,Vavuniya,2,,
2022-06-01,Vavuniya,11,,
2022-07-01,Vavuniya,8,,
2022-08-01,Vavuniya,8,,
2022-09-01,Vavuniya,3,,
2022-10-01,Vavuniya,5,,
2022-11-01,Vavuniya,7,,
2022-12-01,Vavuniya,13,,
2022-01-01,Mullaitivu,2,,
2022-02-01,Mullaitivu,2,,
2022-03-01,Mullaitivu,0,,
2022-04-01,Mullaitivu,5,,
2022-05-01,Mullaitivu,2,,
2022-06-01,Mullaitivu,2,,
2022-07-01,Mullaitivu,2,,
2022-08-01,Mullaitivu,3,,
2022-09-01,Mullaitivu,3,,
2022-10-01,Mullaitivu,2,,
2022-11-01,Mullaitivu,1,,
2022-12-01,Mullaitivu,10,,
2022-01-01,Batticaloa,105,,
2022-02-01,Batticaloa,72,,
2022-03-01,Batticaloa,120,,
2022-04-01,Batticaloa,167,,
2022-05-01,Batticaloa,243,,
2022-06-01,Batticaloa,122,,
2022-07-01,Batticaloa,86,,
2022-08-01,Batticaloa,49,,
2022-09-01,Batticaloa,47,,
2022-10-01,Batticaloa,74,,
2022-11-01,Batticaloa,85,,
2022-12-01,Batticaloa,85,,
2022-01-01,Ampara,28,,
2022-02-01,Ampara,6,,
2022-03-01,Ampara,6,,
2022-04-01,Ampara,17,,
2022-05-01,Ampara,14,,
2022-06-01,Ampara,25,,
2022-07-01,Ampara,25,,
2022-08-01,Ampara,8,,
2022-09-01,Ampara,5,,
2022-10-01,Ampara,7,,
2022-11-01,Ampara,19,,
2022-12-01,Ampara,17,,
2022-01-01,Trincomalee,136,,
2022-02-01,Trincomalee,86,,
2022-03-01,Trincomalee,132,,
2022-04-01,Trincomalee,227,,
2022-05-01,Trincomalee,256,,
2022-06-01,Trincomalee,117,,
2022-07-01,Trincomalee,37,,
2022-08-01,Trincomalee,20,,
2022-09-01,Trincomalee,13,,
2022-10-01,Trincomalee,32,,
2022-11-01,Trincomalee,27,,
2022-12-01,Trincomalee,92,,
2022-01-01,Kurunegala,509,,
2022-02-01,Kurunegala,124,,
2022-03-01,Kurunegala,143,,
2022-04-01,Kurunegala,95,,
2022-05-01,Kurunegala,151,,
2022-06-01,Kurunegala,334,,
2022-07-01,Kurunegala,367,,
2022-08-01,Kurunegala,177,,
2022-09-01,Kurunegala,109,,
2022-10-01,Kurunegala,124,,
2022-11-01,Kurunegala,134,,
2022-12-01,Kurunegala,241,,
2022-01-01,Puttalam,466,,
2022-02-01,Puttalam,262,,
2022-03-01,Puttalam,146,,
2022-04-01,Puttalam,108,,
2022-05-01,Puttalam,172,,
2022-06-01,Puttalam,254,,
2022-07-01,Puttalam,312,,
2022-08-01,Puttalam,242,,
2022-09-01,Puttalam,235,,
2022-10-01,Puttalam,317,,
2022-11-01,Puttalam,508,,
2022-12-01,Puttalam,1094,,
2022-01-01,Anuradhapura,76,,
2022-02-01,Anuradhapura,36,,
2022-03-01,Anuradhapura,32,,
2022-04-01,Anuradhapura,25,,
2022-05-01,Anuradhapura,46,,
2022-06-01,Anuradhapura,72,,
2022-07-01,Anuradhapura,66,,
2022-08-01,Anuradhapura,31,,
2022-09-01,Anuradhapura,13,,
2022-10-01,Anuradhapura,36,,
2022-11-01,Anuradhapura,38,,
2022-12-01,Anuradhapura,52,,
2022-01-01,Polonnaruwa,25,,
2022-02-01,Polonnaruwa,5,,
2022-03-01,Polonnaruwa,6,,
2022-04-01,Polonnaruwa,8,,
2022-05-01,Polonnaruwa,31,,
2022-06-01,Polonnaruwa,50,,
2022-07-01,Polonnaruwa,62,,
2022-08-01,Polonnaruwa,32,,
2022-09-01,Polonnaruwa,32,,
2022-10-01,Polonnaruwa,29,,
2022-11-01,Polonnaruwa,20,,
2022-12-01,Polonnaruwa,46,,
2022-01-01,Badulla,201,,
2022-02-01,Badulla,34,,
2022-03-01,Badulla,40,,
2022-04-01,Badulla,42,,
2022-05-01,Badulla,61,,
2022-06-01,Badulla,150,,
2022-07-01,Badulla,112,,
2022-08-01,Badulla,68,,
2022-09-01,Badulla,73,,
2022-10-01,Badulla,117,,
2022-11-01,Badulla,213,,
2022-12-01,Badulla,192,,
2022-01-01,Moneragala,48,,
2022-02-01,Moneragala,24,,
2022-03-01,Moneragala,30,,
2022-04-01,Moneragala,24,,
2022-05-01,Moneragala,47,,
2022-06-01,Moneragala,78,,
2022-07-01,Moneragala,69,,
2022-08-01,Moneragala,30,,
2022-09-01,Moneragala,36,,
2022-10-01,Moneragala,56,,
2022-11-01,Moneragala,37,,
2022-04-01,Moneragala,32,,
2022-01-01,Rathnapura,258,,
2022-02-01,Rathnapura,132,,
2022-03-01,Rathnapura,187,,
2022-04-01,Rathnapura,254,,
2022-05-01,Rathnapura,330,,
2022-06-01,Rathnapura,483,,
2022-07-01,Rathnapura,628,,
2022-08-01,Rathnapura,378,,
2022-09-01,Rathnapura,214,,
2022-10-01,Rathnapura,190,,
2022-11-01,Rathnapura,219,,
2022-12-01,Rathnapura,250,,
2022-01-01,Kegalle,170,,
2022-02-01,Kegalle,80,,
2022-03-01,Kegalle,80,,
2022-04-01,Kegalle,148,,
2022-05-01,Kegalle,214,,
2022-06-01,Kegalle,420,,
2022-07-01,Kegalle,615,,
2022-08-01,Kegalle,444,,
2022-09-01,Kegalle,289,,
2022-10-01,Kegalle,200,,
2022-11-01,Kegalle,185,,
2022-12-01,Kegalle,257,,
2022-01-01,Kalmunai,123,,
2022-02-01,Kalmunai,92,,
2022-03-01,Kalmunai,87,,
2022-04-01,Kalmunai,130,,
2022-05-01,Kalmunai,165,,
2022-06-01,Kalmunai,161,,
2022-07-01,Kalmunai,143,,
2022-08-01,Kalmunai,131,,
2022-09-01,Kalmunai,116,,
2022-10-01,Kalmunai,126,,
2022-11-01,Kalmunai,243,,
2022-12-01,Kalmunai,727,,
2023-01-01,Colombo,1842,,
2023-02-01,Colombo,1577,,
2023-03-01,Colombo,1288,,
2023-04-01,Colombo,1492,,
2023-05-01,Colombo,2120,,
2023-06-01,Colombo,2290,,
2023-07-01,Colombo,1601,,
2023-08-01,Colombo,955,,
2023-09-01,Colombo,386,,
2023-10-01,Colombo,924,,
2023-11-01,Colombo,1718,,
2023-12-01,Colombo,2718,,
2023-01-01,Gampaha,1925,,
2023-02-01,Gampaha,1453,,
2023-03-01,Gampaha,1501,,
2023-04-01,Gampaha,1732,,
2023-05-01,Gampaha,2166,,
2023-06-01,Gampaha,2045,,
2023-07-01,Gampaha,1427,,
2023-08-01,Gampaha,812,,
2023-09-01,Gampaha,314,,
2023-10-01,Gampaha,643,,
2023-11-01,Gampaha,1035,,
2023-12-01,Gampaha,1074,,
2023-01-01,Kalutara,518,,
2023-02-01,Kalutara,393,,
2023-03-01,Kalutara,359,,
2023-04-01,Kalutara,473,,
2023-05-01,Kalutara,717,,
2023-06-01,Kalutara,726,,
2023-07-01,Kalutara,462,,
2023-08-01,Kalutara,351,,
2023-09-01,Kalutara,212,,
2023-10-01,Kalutara,158,,
2023-11-01,Kalutara,342,,
2023-12-01,Kalutara,487,,
2023-01-01,Kandy,362,,
2023-02-01,Kandy,261,,
2023-03-01,Kandy,287,,
2023-04-01,Kandy,403,,
2023-05-01,Kandy,790,,
2023-06-01,Kandy,995,,
2023-07-01,Kandy,1027,,
2023-08-01,Kandy,951,,
2023-09-01,Kandy,532,,
2023-10-01,Kandy,678,,
2023-11-01,Kandy,1355,,
2023-12-01,Kandy,1650,,
2023-01-01,Matale,120,,
2023-02-01,Matale,72,,
2023-03-01,Matale,121,,
2023-04-01,Matale,160,,
2023-05-01,Matale,146,,
2023-06-01,Matale,157,,
2023-07-01,Matale,195,,
2023-08-01,Matale,191,,
2023-09-01,Matale,87,,
2023-10-01,Matale,163,,
2023-11-01,Matale,269,,
2023-12-01,Matale,237,,
2023-01-01,N eliya,11,,
2023-02-01,N eliya,15,,
2023-03-01,N eliya,8,,
2023-04-01,N eliya,15,,
2023-05-01,N eliya,31,,
2023-06-01,N eliya,33,,
2023-07-01,N eliya,30,,
2023-08-01,N eliya,15,,
2023-09-01,N eliya,12,,
2023-10-01,N eliya,10,,
2023-11-01,N eliya,42,,
2023-12-01,N eliya,84,,
2023-01-01,Galle,211,,
2023-02-01,Galle,151,,
2023-03-01,Galle,199,,
2023-04-01,Galle,262,,
2023-05-01,Galle,372,,
2023-06-01,Galle,376,,
2023-07-01,Galle,388,,
2023-08-01,Galle,400,,
2023-09-01,Galle,206,,
2023-10-01,Galle,290,,
2023-11-01,Galle,578,,
2023-12-01,Galle,596,,
2023-01-01,Hambantota,71,,
2023-02-01,Hambantota,86,,
2023-03-01,Hambantota,123,,
2023-04-01,Hambantota,184,,
2023-05-01,Hambantota,194,,
2023-06-01,Hambantota,224,,
2023-07-01,Hambantota,113,,
2023-08-01,Hambantota,61,,
2023-09-01,Hambantota,34,,
2023-10-01,Hambantota,22,,
2023-11-01,Hambantota,86,,
2023-12-01,Hambantota,159,,
2023-01-01,Matara,139,,
2023-02-01,Matara,140,,
2023-03-01,Matara,111,,
2023-04-01,Matara,102,,
2023-05-01,Matara,186,,
2023-06-01,Matara,195,,
2023-07-01,Matara,204,,
2023-08-01,Matara,136,,
2023-09-01,Matara,81,,
2023-10-01,Matara,78,,
2023-11-01,Matara,173,,
2023-12-01,Matara,121,,
2023-01-01,Jaffna,448,,
2023-02-01,Jaffna,232,,
2023-03-01,Jaffna,224,,
2023-04-01,Jaffna,250,,
2023-05-01,Jaffna,218,,
2023-06-01,Jaffna,171,,
2023-07-01,Jaffna,120,,
2023-08-01,Jaffna,118,,
2023-09-01,Jaffna,110,,
2023-10-01,Jaffna,99,,
2023-11-01,Jaffna,179,,
2023-12-01,Jaffna,2131,,
2023-01-01,Kilinochchi,14,,
2023-02-01,Kilinochchi,15,,
2023-03-01,Kilinochchi,11,,
2023-04-01,Kilinochchi,7,,
2023-05-01,Kilinochchi,5,,
2023-06-01,Kilinochchi,14,,
2023-07-01,Kilinochchi,3,,
2023-08-01,Kilinochchi,2,,
2023-09-01,Kilinochchi,2,,
2023-10-01,Kilinochchi,6,,
2023-11-01,Kilinochchi,6,,
2023-12-01,Kilinochchi,52,,
2023-01-01,Mannar,26,,
2023-02-01,Mannar,5,,
2023-03-01,Mannar,10,,
2023-04-01,Mannar,14,,
2023-05-01,Mannar,15,,
2023-06-01,Mannar,10,,
2023-07-01,Mannar,4,,
2023-08-01,Mannar,0,,
2023-09-01,Mannar,3,,
2023-10-01,Mannar,5,,
2023-11-01,Mannar,19,,
2023-12-01,Mannar,112,,
2023-01-01,Vavuniya,9,,
2023-02-01,Vavuniya,13,,
2023-03-01,Vavuniya,34,,
2023-04-01,Vavuniya,15,,
2023-05-01,Vavuniya,23,,
2023-06-01,Vavuniya,12,,
2023-07-01,Vavuniya,7,,
2023-08-01,Vavuniya,5,,
2023-09-01,Vavuniya,1,,
2023-10-01,Vavuniya,7,,
2023-11-01,Vavuniya,3,,
2023-12-01,Vavuniya,45,,
2023-01-01,Mullaitivu,35,,
2023-02-01,Mullaitivu,3,,
2023-03-01,Mullaitivu,6,,
2023-04-01,Mullaitivu,14,,
2023-05-01,Mullaitivu,18,,
2023-06-01,Mullaitivu,28,,
2023-07-01,Mullaitivu,13,,
2023-08-01,Mullaitivu,4,,
2023-09-01,Mullaitivu,2,,
2023-10-01,Mullaitivu,1,,
2023-11-01,Mullaitivu,17,,
2023-12-01,Mullaitivu,30,,
2023-01-01,Batticaloa,171,,
2023-02-01,Batticaloa,232,,
2023-03-01,Batticaloa,333,,
2023-04-01,Batticaloa,532,,
2023-05-01,Batticaloa,360,,
2023-06-01,Batticaloa,312,,
2023-07-01,Batticaloa,196,,
2023-08-01,Batticaloa,65,,
2023-09-01,Batticaloa,42,,
2023-10-01,Batticaloa,52,,
2023-11-01,Batticaloa,171,,
2023-12-01,Batticaloa,514,,
2023-01-01,Ampara,10,,
2023-02-01,Ampara,15,,
2023-03-01,Ampara,16,,
2023-04-01,Ampara,34,,
2023-05-01,Ampara,31,,
2023-06-01,Ampara,24,,
2023-07-01,Ampara,28,,
2023-08-01,Ampara,6,,
2023-09-01,Ampara,13,,
2023-10-01,Ampara,14,,
2023-11-01,Ampara,23,,
2023-12-01,Ampara,28,,
2023-01-01,Trincomalee,143,,
2023-02-01,Trincomalee,183,,
2023-03-01,Trincomalee,329,,
2023-04-01,Trincomalee,528,,
2023-05-01,Trincomalee,380,,
2023-06-01,Trincomalee,260,,
2023-07-01,Trincomalee,84,,
2023-08-01,Trincomalee,29,,
2023-09-01,Trincomalee,14,,
2023-10-01,Trincomalee,31,,
2023-11-01,Trincomalee,55,,
2023-12-01,Trincomalee,114,,
2023-01-01,Kurunegala,310,,
2023-02-01,Kurunegala,248,,
2023-03-01,Kurunegala,223,,
2023-04-01,Kurunegala,230,,
2023-05-01,Kurunegala,366,,
2023-06-01,Kurunegala,422,,
2023-07-01,Kurunegala,227,,
2023-08-01,Kurunegala,182,,
2023-09-01,Kurunegala,107,,
2023-10-01,Kurunegala,222,,
2023-11-01,Kurunegala,466,,
2023-12-01,Kurunegala,158,,
2023-01-01,Puttalam,1140,,
2023-02-01,Puttalam,583,,
2023-03-01,Puttalam,386,,
2023-04-01,Puttalam,226,,
2023-05-01,Puttalam,224,,
2023-06-01,Puttalam,190,,
2023-07-01,Puttalam,154,,
2023-08-01,Puttalam,92,,
2023-09-01,Puttalam,38,,
2023-10-01,Puttalam,100,,
2023-11-01,Puttalam,442,,
2023-12-01,Puttalam,638,,
2023-01-01,Anuradhapura,60,,
2023-02-01,Anuradhapura,41,,
2023-03-01,Anuradhapura,57,,
2023-04-01,Anuradhapura,67,,
2023-05-01,Anuradhapura,110,,
2023-06-01,Anuradhapura,133,,
2023-07-01,Anuradhapura,50,,
2023-08-01,Anuradhapura,22,,
2023-09-01,Anuradhapura,19,,
2023-10-01,Anuradhapura,19,,
2023-11-01,Anuradhapura,58,,
2023-12-01,Anuradhapura,539,,
2023-01-01,Polonnaruwa,78,,
2023-02-01,Polonnaruwa,47,,
2023-03-01,Polonnaruwa,45,,
2023-04-01,Polonnaruwa,65,,
2023-05-01,Polonnaruwa,84,,
2023-06-01,Polonnaruwa,78,,
2023-07-01,Polonnaruwa,42,,
2023-08-01,Polonnaruwa,26,,
2023-09-01,Polonnaruwa,12,,
2023-10-01,Polonnaruwa,30,,
2023-11-01,Polonnaruwa,16,,
2023-12-01,Polonnaruwa,132,,
2023-01-01,Badulla,162,,
2023-02-01,Badulla,98,,
2023-03-01,Badulla,87,,
2023-04-01,Badulla,66,,
2023-05-01,Badulla,83,,
2023-06-01,Badulla,93,,
2023-07-01,Badulla,134,,
2023-08-01,Badulla,84,,
2023-09-01,Badulla,59,,
2023-10-01,Badulla,131,,
2023-11-01,Badulla,250,,
2023-12-01,Badulla,97,,
2023-01-01,Moneragala,52,,
2023-02-01,Moneragala,45,,
2023-03-01,Moneragala,19,,
2023-04-01,Moneragala,47,,
2023-05-01,Moneragala,56,,
2023-06-01,Moneragala,78,,
2023-07-01,Moneragala,64,,
2023-08-01,Moneragala,79,,
2023-09-01,Moneragala,28,,
2023-10-01,Moneragala,41,,
2023-11-01,Moneragala,84,,
2023-12-01,Moneragala,616,,
2023-01-01,Rathnapura,236,,
2023-02-01,Rathnapura,259,,
2023-03-01,Rathnapura,228,,
2023-04-01,Rathnapura,251,,
2023-05-01,Rathnapura,419,,
2023-06-01,Rathnapura,513,,
2023-07-01,Rathnapura,389,,
2023-08-01,Rathnapura,267,,
2023-09-01,Rathnapura,122,,
2023-10-01,Rathnapura,100,,
2023-11-01,Rathnapura,241,,
2023-12-01,Rathnapura,117,,
2023-01-01,Kegalle,303,,
2023-02-01,Kegalle,228,,
2023-03-01,Kegalle,237,,
2023-04-01,Kegalle,283,,
2023-05-01,Kegalle,442,,
2023-06-01,Kegalle,434,,
2023-07-01,Kegalle,341,,
2023-08-01,Kegalle,286,,
2023-09-01,Kegalle,145,,
2023-10-01,Kegalle,167,,
2023-11-01,Kegalle,337,,
2023-12-01,Kegalle,362,,
2023-01-01,Kalmunai,567,,
2023-02-01,Kalmunai,314,,
2023-03-01,Kalmunai,177,,
2023-04-01,Kalmunai,165,,
2023-05-01,Kalmunai,140,,
2023-06-01,Kalmunai,103,,
2023-07-01,Kalmunai,66,,
2023-08-01,Kalmunai,50,,
2023-09-01,Kalmunai,24,,
2023-10-01,Kalmunai,19,,
2023-11-01,Kalmunai,30,,
2023-12-01,Kalmunai,500,,
2024-01-01,Kandy,798,,
2024-02-01,Kandy,346,,
2024-03-01,Kandy,212,,
2024-04-01,Kandy,253,,
2024-05-01,Kandy,317,,
2024-06-01,Kandy,330,,
2024-07-01,Kandy,492,,
2024-08-01,Kandy,402,,
2024-09-01,Kandy,275,,
2024-10-01,Kandy,266,,
2024-11-01,Kandy,304,,
2024-12-01,Kandy,259,,
2024-01-01,Matale,97,,
2024-02-01,Matale,67,,
2024-03-01,Matale,34,,
2024-04-01,Matale,34,,
2024-05-01,Matale,30,,
2024-06-01,Matale,39,,
2024-07-01,Matale,82,,
2024-08-01,Matale,78,,
2024-09-01,Matale,62,,
2024-10-01,Matale,111,,
2024-11-01,Matale,132,,
2024-12-01,Matale,100,,
2024-01-01,N eliya,29,,
2024-02-01,N eliya,31,,
2024-03-01,N eliya,13,,
2024-04-01,N eliya,5,,
2024-05-01,N eliya,9,,
2024-06-01,N eliya,23,,
2024-07-01,N eliya,16,,
2024-08-01,N eliya,22,,
2024-09-01,N eliya,15,,
2024-10-01,N eliya,10,,
2024-11-01,N eliya,10,,
2024-12-01,N eliya,11,,
2024-01-01,Ampara,34,,
2024-02-01,Ampara,32,,
2024-03-01,Ampara,23,,
2024-04-01,Ampara,10,,
2024-05-01,Ampara,12,,
2024-06-01,Ampara,14,,
2024-07-01,Ampara,17,,
2024-08-01,Ampara,12,,
2024-09-01,Ampara,6,,
2024-10-01,Ampara,18,,
2024-11-01,Ampara,10,,
2024-12-01,Ampara,12,,
2024-01-01,Batticaloa,448,,
2024-02-01,Batticaloa,252,,
2024-03-01,Batticaloa,184,,
2024-04-01,Batticaloa,56,,
2024-05-01,Batticaloa,78,,
2024-06-01,Batticaloa,64,,
2024-07-01,Batticaloa,69,,
2024-08-01,Batticaloa,88,,
2024-09-01,Batticaloa,62,,
2024-10-01,Batticaloa,35,,
2024-11-01,Batticaloa,83,,
2024-12-01,Batticaloa,160,,
2024-01-01,Kalmunai,198,,
2024-02-01,Kalmunai,119,,
2024-03-01,Kalmunai,86,,
2024-04-01,Kalmunai,29,,
2024-05-01,Kalmunai,26,,
2024-06-01,Kalmunai,29,,
2024-07-01,Kalmunai,49,,
2024-08-01,Kalmunai,35,,
2024-09-01,Kalmunai,13,,
2024-10-01,Kalmunai,24,,
2024-11-01,Kalmunai,24,,
2024-12-01,Kalmunai,42,,
2024-01-01,Trincomalee,130,,
2024-02-01,Trincomalee,117,,
2024-03-01,Trincomalee,70,,
2024-04-01,Trincomalee,60,,
2024-05-01,Trincomalee,44,,
2024-06-01,Trincomalee,40,,
2024-07-01,Trincomalee,46,,
2024-08-01,Trincomalee,35,,
2024-09-01,Trincomalee,13,,
2024-10-01,Trincomalee,14,,
2024-11-01,Trincomalee,53,,
2024-12-01,Trincomalee,81,,
2024-01-01,Anuradhapura,73,,
2024-02-01,Anuradhapura,124,,
2024-03-01,Anuradhapura,37,,
2024-04-01,Anuradhapura,20,,
2024-05-01,Anuradhapura,14,,
2024-06-01,Anuradhapura,20,,
2024-07-01,Anuradhapura,44,,
2024-08-01,Anuradhapura,39,,
2024-09-01,Anuradhapura,19,,
2024-10-01,Anuradhapura,40,,
2024-11-01,Anuradhapura,45,,
2024-12-01,Anuradhapura,35,,
2024-01-01,Polonnaruwa,52,,
2024-02-01,Polonnaruwa,38,,
2024-03-01,Polonnaruwa,32,,
2024-04-01,Polonnaruwa,21,,
2024-05-01,Polonnaruwa,17,,
2024-06-01,Polonnaruwa,25,,
2024-07-01,Polonnaruwa,28,,
2024-08-01,Polonnaruwa,29,,
2024-09-01,Polonnaruwa,22,,
2024-10-01,Polonnaruwa,27,,
2024-11-01,Polonnaruwa,32,,
2024-12-01,Polonnaruwa,24,,
2024-01-01,Kurunegala,444,,
2024-02-01,Kurunegala,301,,
2024-03-01,Kurunegala,152,,
2024-04-01,Kurunegala,72,,
2024-05-01,Kurunegala,151,,
2024-06-01,Kurunegala,148,,
2024-07-01,Kurunegala,171,,
2024-08-01,Kurunegala,112,,
2024-09-01,Kurunegala,71,,
2024-10-01,Kurunegala,71,,
2024-11-01,Kurunegala,69,,
2024-12-01,Kurunegala,67,,
2024-01-01,Puttalam,389,,
2024-02-01,Puttalam,131,,
2024-03-01,Puttalam,86,,
2024-04-01,Puttalam,45,,
2024-05-01,Puttalam,50,,
2024-06-01,Puttalam,58,,
2024-07-01,Puttalam,90,,
2024-08-01,Puttalam,69,,
2024-09-01,Puttalam,60,,
2024-10-01,Puttalam,97,,
2024-11-01,Puttalam,113,,
2024-12-01,Puttalam,100,,
2024-01-01,Jaffna,2456,,
2024-02-01,Jaffna,995,,
2024-03-01,Jaffna,351,,
2024-04-01,Jaffna,134,,
2024-05-01,Jaffna,50,,
2024-06-01,Jaffna,82,,
2024-07-01,Jaffna,54,,
2024-08-01,Jaffna,38,,
2024-09-01,Jaffna,38,,
2024-10-01,Jaffna,54,,
2024-11-01,Jaffna,146,,
2024-12-01,Jaffna,251,,
2024-01-01,Kilinochchi,125,,
2024-02-01,Kilinochchi,50,,
2024-03-01,Kilinochchi,27,,
2024-04-01,Kilinochchi,9,,
2024-05-01,Kilinochchi,2,,
2024-06-01,Kilinochchi,0,,
2024-07-01,Kilinochchi,4,,
2024-08-01,Kilinochchi,8,,
2024-09-01,Kilinochchi,2,,
2024-10-01,Kilinochchi,6,,
2024-11-01,Kilinochchi,9,,
2024-12-01,Kilinochchi,9,,
2024-01-01,Mannar,109,,
2024-02-01,Mannar,24,,
2024-03-01,Mannar,8,,
2024-04-01,Mannar,12,,
2024-05-01,Mannar,4,,
2024-06-01,Mannar,2,,
2024-07-01,Mannar,19,,
2024-08-01,Mannar,33,,
2024-09-01,Mannar,27,,
2024-10-01,Mannar,14,,
2024-11-01,Mannar,18,,
2024-12-01,Mannar,29,,
2024-01-01,Mullaitivu,79,,
2024-02-01,Mullaitivu,34,,
2024-03-01,Mullaitivu,11,,
2024-04-01,Mullaitivu,7,,
2024-05-01,Mullaitivu,2,,
2024-06-01,Mullaitivu,1,,
2024-07-01,Mullaitivu,5,,
2024-08-01,Mullaitivu,6,,
2024-09-01,Mullaitivu,8,,
2024-10-01,Mullaitivu,1,,
2024-11-01,Mullaitivu,0,,
2024-12-01,Mullaitivu,3,,
2024-01-01,Vavuniya,42,,
2024-02-01,Vavuniya,12,,
2024-03-01,Vavuniya,9,,
2024-04-01,Vavuniya,0,,
2024-05-01,Vavuniya,1,,
2024-06-01,Vavuniya,3,,
2024-07-01,Vavuniya,12,,
2024-08-01,Vavuniya,10,,
2024-09-01,Vavuniya,9,,
2024-10-01,Vavuniya,5,,
2024-11-01,Vavuniya,8,,
2024-12-01,Vavuniya,6,,
2024-01-01,Badulla,251,,
2024-02-01,Badulla,75,,
2024-03-01,Badulla,25,,
2024-04-01,Badulla,34,,
2024-05-01,Badulla,21,,
2024-06-01,Badulla,53,,
2024-07-01,Badulla,48,,
2024-08-01,Badulla,70,,
2024-09-01,Badulla,29,,
2024-10-01,Badulla,37,,
2024-11-01,Badulla,59,,
2024-12-01,Badulla,59,,
2024-01-01,Moneragala,139,,
2024-02-01,Moneragala,107,,
2024-03-01,Moneragala,60,,
2024-04-01,Moneragala,35,,
2024-05-01,Moneragala,38,,
2024-06-01,Moneragala,61,,
2024-07-01,Moneragala,44,,
2024-08-01,Moneragala,66,,
2024-09-01,Moneragala,60,,
2024-10-01,Moneragala,108,,
2024-11-01,Moneragala,125,,
2024-12-01,Moneragala,68,,
2024-01-01,Kegalle,371,,
2024-02-01,Kegalle,239,,
2024-03-01,Kegalle,163,,
2024-04-01,Kegalle,133,,
2024-05-01,Kegalle,186,,
2024-06-01,Kegalle,126,,
2024-07-01,Kegalle,130,,
2024-08-01,Kegalle,124,,
2024-09-01,Kegalle,103,,
2024-10-01,Kegalle,66,,
2024-11-01,Kegalle,81,,
2024-12-01,Kegalle,110,,
2024-01-01,Rathnapura,314,,
2024-02-01,Rathnapura,233,,
2024-03-01,Rathnapura,203,,
2024-04-01,Rathnapura,197,,
2024-05-01,Rathnapura,398,,
2024-06-01,Rathnapura,327,,
2024-07-01,Rathnapura,370,,
2024-08-01,Rathnapura,256,,
2024-09-01,Rathnapura,142,,
2024-10-01,Rathnapura,214,,
2024-11-01,Rathnapura,238,,
2024-12-01,Rathnapura,192,,
2024-01-01,Galle,513,,
2024-02-01,Galle,286,,
2024-03-01,Galle,172,,
2024-04-01,Galle,103,,
2024-05-01,Galle,102,,
2024-06-01,Galle,142,,
2024-07-01,Galle,158,,
2024-08-01,Galle,161,,
2024-09-01,Galle,159,,
2024-10-01,Galle,146,,
2024-11-01,Galle,159,,
2024-12-01,Galle,116,,
2024-01-01,Hambantota,104,,
2024-02-01,Hambantota,88,,
2024-03-01,Hambantota,75,,
2024-04-01,Hambantota,60,,
2024-05-01,Hambantota,11,,
2024-06-01,Hambantota,17,,
2024-07-01,Hambantota,63,,
2024-08-01,Hambantota,46,,
2024-09-01,Hambantota,37,,
2024-10-01,Hambantota,40,,
2024-11-01,Hambantota,47,,
2024-12-01,Hambantota,73,,
2024-01-01,Matara,121,,
2024-02-01,Matara,80,,
2024-03-01,Matara,82,,
2024-04-01,Matara,39,,
2024-05-01,Matara,73,,
2024-06-01,Matara,29,,
2024-07-01,Matara,108,,
2024-08-01,Matara,81,,
2024-09-01,Matara,99,,
2024-10-01,Matara,127,,
2024-11-01,Matara,65,,
2024-12-01,Matara,89,,
2024-01-01,Colombo,2253,,
2024-02-01,Colombo,1341,,
2024-03-01,Colombo,787,,
2024-04-01,Colombo,461,,
2024-05-01,Colombo,568,,
2024-06-01,Colombo,982,,
2024-07-01,Colombo,1427,,
2024-08-01,Colombo,1220,,
2024-09-01,Colombo,845,,
2024-10-01,Colombo,795,,
2024-11-01,Colombo,922,,
2024-12-01,Colombo,978,,
2024-01-01,Gampaha,775,,
2024-02-01,Gampaha,631,,
2024-03-01,Gampaha,395,,
2024-04-01,Gampaha,243,,
2024-05-01,Gampaha,296,,
2024-06-01,Gampaha,464,,
2024-07-01,Gampaha,731,,
2024-08-01,Gampaha,629,,
2024-09-01,Gampaha,430,,
2024-10-01,Gampaha,474,,
2024-11-01,Gampaha,601,,
2024-12-01,Gampaha,567,,
2024-01-01,Kalutara,408,,
2024-02-01,Kalutara,294,,
2024-03-01,Kalutara,332,,
2024-04-01,Kalutara,162,,
2024-05-01,Kalutara,150,,
2024-06-01,Kalutara,233,,
2024-07-01,Kalutara,242,,
2024-08-01,Kalutara,227,,
2024-09-01,Kalutara,166,,
2024-10-01,Kalutara,163,,
2024-11-01,Kalutara,144,,
2024-12-01,Kalutara,158,,
2025-01-01,Kandy,304,,
2025-01-01,Matale,139,,
2025-01-01,N eliya,9,,
2025-01-01,Ampara,12,,
2025-01-01,Batticaloa,278,,
2025-01-01,Kalmunai,67,,
2025-01-01,Trincomalee,112,,
2025-01-01,Anuradhapura,88,,
2025-01-01,Polonnaruwa,35,,
2025-01-01,Kurunegala,99,,
2025-01-01,Puttalam,95,,
2025-01-01,Jaffna,198,,
2025-01-01,Kilinochchi,12,,
2025-01-01,Mannar,47,,
2025-01-01,Mullaitivu,2,,
2025-01-01,Vavuniya,4,,
2025-01-01,Kegalle,140,,
2025-01-01,Rathnapura,272,,
2025-01-01,Galle,320,,
2025-01-01,Hambantota,135,,
2025-01-01,Matara,186,,
2025-01-01,Badulla,105,,
2025-01-01,Moneragala,91,,
2025-01-01,Colombo,1267,,
2025-01-01,Gampaha,761,,
2025-01-01,Kalutara,191,,
2025-02-01,Kandy,257,,
2025-02-01,Matale,116,,
2025-02-01,N eliya,11,,
2025-02-01,Ampara,11,,
2025-02-01,Batticaloa,309,,
2025-02-01,Kalmunai,48,,
2025-02-01,Trincomalee,126,,
2025-02-01,Anuradhapura,55,,
2025-02-01,Polonnaruwa,24,,
2025-02-01,Kurunegala,79,,
2025-02-01,Puttalam,101,,
2025-02-01,Jaffna,114,,
2025-02-01,Kilinochchi,5,,
2025-02-01,Mannar,14,,
2025-02-01,Mullaitivu,1,,
2025-02-01,Vavuniya,1,,
2025-02-01,Kegalle,101,,
2025-02-01,Rathnapura,159,,
2025-02-01,Galle,173,,
2025-02-01,Hambantota,54,,
2025-02-01,Matara,155,,
2025-02-01,Badulla,50,,
2025-02-01,Moneragala,47,,
2025-02-01,Colombo,992,,
2025-02-01,Gampaha,532,,
2025-02-01,Kalutara,145,,
2025-03-01,Kandy,233,,
2025-03-01,Matale,107,,
2025-03-01,N eliya,26,,
2025-03-01,Ampara,10,,
2025-03-01,Batticaloa,176,,
2025-03-01,Kalmunai,49,,
2025-03-01,Trincomalee,111,,
2025-03-01,Anuradhapura,39,,
2025-03-01,Polonnaruwa,22,,
2025-03-01,Kurunegala,73,,
2025-03-01,Puttalam,66,,
2025-03-01,Jaffna,65,,
2025-03-01,Kilinochchi,6,,
2025-03-01,Mannar,8,,
2025-03-01,Mullaitivu,2,,
2025-03-01,Vavuniya,6,,
2025-03-01,Kegalle,95,,
2025-03-01,Rathnapura,248,,
2025-03-01,Galle,155,,
2025-03-01,Hambantota,62,,
2025-03-01,Matara,170,,
2025-03-01,Badulla,46,,
2025-03-01,Moneragala,67,,
2025-03-01,Colombo,1182,,
2025-03-01,Gampaha,586,,
2025-03-01,Kalutara,169,,
2025-04-01,Kandy,258,,
2025-04-01,Matale,157,,
2025-04-01,N eliya,11,,
2025-04-01,Ampara,19,,
2025-04-01,Batticaloa,338,,
2025-04-01,Kalmunai,49,,
2025-04-01,Trincomalee,181,,
2025-04-01,Anuradhapura,30,,
2025-04-01,Polonnaruwa,32,,
2025-04-01,Kurunegala,122,,
2025-04-01,Puttalam,47,,
2025-04-01,Jaffna,64,,
2025-04-01,Kilinochchi,7,,
2025-04-01,Mannar,5,,
2025-04-01,Mullaitivu,2,,
2025-04-01,Vavuniya,8,,
2025-04-01,Kegalle,110,,
2025-04-01,Rathnapura,1019,,
2025-04-01,Galle,160,,
2025-04-01,Hambantota,72,,
2025-04-01,Matara,138,,
2025-04-01,Badulla,52,,
2025-04-01,Moneragala,121,,
2025-04-01,Colombo,1262,,
2025-04-01,Gampaha,715,,
2025-04-01,Kalutara,204,,
2025-05-01,Kandy,449,,
2025-05-01,Matale,74,,
2025-05-01,N eliya,21,,
2025-05-01,Ampara,24,,
2025-05-01,Batticaloa,263,,
2025-05-01,Kalmunai,52,,
2025-05-01,Trincomalee,181,,
2025-05-01,Anuradhapura,42,,
2025-05-01,Polonnaruwa,41,,
2025-05-01,Kurunegala,187,,
2025-05-01,Puttalam,52,,
2025-05-01,Jaffna,65,,
2025-05-01,Kilinochchi,11,,
2025-05-01,Mannar,15,,
2025-05-01,Mullaitivu,1,,
2025-05-01,Vavuniya,3,,
2025-05-01,Kegalle,197,,
2025-05-01,Rathnapura,1107,,
2025-05-01,Galle,233,,
2025-05-01,Hambantota,72,,
2025-05-01,Matara,108,,
2025-05-01,Badulla,74,,
2025-05-01,Moneragala,83,,
2025-05-01,Colombo,1578,,
2025-05-01,Gampaha,895,,
2025-05-01,Kalutara,223,,
2025-06-01,Kandy,650,,
2025-06-01,Matale,59,,
2025-06-01,N eliya,39,,
2025-06-01,Ampara,16,,
2025-06-01,Batticaloa,149,,
2025-06-01,Kalmunai,31,,
2025-06-01,Trincomalee,78,,
2025-06-01,Anuradhapura,45,,
2025-06-01,Polonnaruwa,49,,
2025-06-01,Kurunegala,248,,
2025-06-01,Puttalam,43,,
2025-06-01,Jaffna,152,,
2025-06-01,Kilinochchi,7,,
2025-06-01,Mannar,13,,
2025-06-01,Mullaitivu,7,,
2025-06-01,Vavuniya,6,,
2025-06-01,Kegalle,193,,
2025-06-01,Rathnapura,568,,
2025-06-01,Galle,239,,
2025-06-01,Hambantota,97,,
2025-06-01,Matara,204,,
2025-06-01,Badulla,98,,
2025-06-01,Moneragala,115,,
2025-06-01,Colombo,1228,,
2025-06-01,Gampaha,862,,
2025-06-01,Kalutara,277,,
2025-07-01,Kandy,641,,
2025-07-01,Matale,62,,
2025-07-01,N eliya,61,,
2025-07-01,Ampara,23,,
2025-07-01,Batticaloa,55,,
2025-07-01,Kalmunai,33,,
2025-07-01,Trincomalee,41,,
2025-07-01,Anuradhapura,60,,
2025-07-01,Polonnaruwa,36,,
2025-07-01,Kurunegala,234,,
2025-07-01,Puttalam,69,,
2025-07-01,Jaffna,113,,
2025-07-01,Kilinochchi,5,,
2025-07-01,Mannar,10,,
2025-07-01,Mullaitivu,2,,
2025-07-01,Vavuniya,4,,
2025-07-01,Kegalle,139,,
2025-07-01,Rathnapura,425,,
2025-07-01,Galle,237,,
2025-07-01,Hambantota,135,,
2025-07-01,Matara,164,,
2025-07-01,Badulla,84,,
2025-07-01,Moneragala,80,,
2025-07-01,Colombo,1169,,
2025-07-01,Gampaha,732,,
2025-07-01,Kalutara,233,,
2025-08-01,Kandy,402,,
2025-08-01,Matale,79,,
2025-08-01,N eliya,24,,
2025-08-01,Ampara,6,,
2025-08-01,Batticaloa,35,,
2025-08-01,Kalmunai,16,,
2025-08-01,Trincomalee,11,,
2025-08-01,Anuradhapura,30,,
2025-08-01,Polonnaruwa,34,,
2025-08-01,Kurunegala,94,,
2025-08-01,Puttalam,45,,
2025-08-01,Jaffna,43,,
2025-08-01,Kilinochchi,5,,
2025-08-01,Mannar,7,,
2025-08-01,Mullaitivu,1,,
2025-08-01,Vavuniya,5,,
2025-08-01,Kegalle,95,,
2025-08-01,Rathnapura,296,,
2025-08-01,Galle,173,,
2025-08-01,Hambantota,60,,
2025-08-01,Matara,101,,
2025-08-01,Badulla,58,,
2025-08-01,Moneragala,56,,
2025-08-01,Colombo,545,,
2025-08-01,Gampaha,367,,
2025-08-01,Kalutara,157,,
2025-09-01,Kandy,269,,
2025-09-01,Matale,106,,
2025-09-01,N eliya,18,,
2025-09-01,Ampara,16,,
2025-09-01,Batticaloa,41,,
2025-09-01,Kalmunai,26,,
2025-09-01,Trincomalee,25,,
2025-09-01,Anuradhapura,15,,
2025-09-01,Polonnaruwa,18,,
2025-09-01,Kurunegala,54,,
2025-09-01,Puttalam,26,,
2025-09-01,Jaffna,50,,
2025-09-01,Kilinochchi,5,,
2025-09-01,Mannar,10,,
2025-09-01,Mullaitivu,2,,
2025-09-01,Vavuniya,1,,
2025-09-01,Kegalle,70,,
2025-09-01,Rathnapura,284,,
2025-09-01,Galle,133,,
2025-09-01,Hambantota,48,,
2025-09-01,Matara,65,,
2025-09-01,Badulla,48,,
2025-09-01,Moneragala,42,,
2025-09-01,Colombo,585,,
2025-09-01,Gampaha,319,,
2025-09-01,Kalutara,126,,
2025-10-01,Kandy,42,,
2025-10-01,Matale,24,,
2025-10-01,N eliya,11,,
2025-10-01,Ampara,4,,
2025-10-01,Batticaloa,21,,
2025-10-01,Kalmunai,15,,
2025-10-01,Trincomalee,4,,
2025-10-01,Anuradhapura,5,,
2025-10-01,Polonnaruwa,5,,
2025-10-01,Kurunegala,15,,
2025-10-01,Puttalam,5,,
2025-10-01,Jaffna,21,,
2025-10-01,Kilinochchi,3,,
2025-10-01,Mannar,0,,
2025-10-01,Mullaitivu,1,,
2025-10-01,Vavuniya,4,,
2025-10-01,Kegalle,21,,
2025-10-01,Rathnapura,65,,
2025-10-01,Galle,37,,
2025-10-01,Hambantota,5,,
2025-10-01,Matara,18,,
2025-10-01,Badulla,8,,
2025-10-01,Moneragala,9,,
2025-10-01,Colombo,188,,
2025-10-01,Gampaha,115,,
2025-10-01,Kalutara,33,,
2025-11-01,Kandy,0,,
2025-11-01,Matale,0,,
2025-11-01,N eliya,0,,
2025-11-01,Ampara,0,,
2025-11-01,Batticaloa,0,,
2025-11-01,Kalmunai,0,,
2025-11-01,Trincomalee,0,,
2025-11-01,Anuradhapura,0,,
2025-11-01,Polonnaruwa,0,,
2025-11-01,Kurunegala,0,,
2025-11-01,Puttalam,0,,
2025-11-01,Jaffna,0,,
2025-11-01,Kilinochchi,0,,
2025-11-01,Mannar,0,,
2025-11-01,Mullaitivu,0,,
2025-11-01,Vavuniya,0,,
2025-11-01,Kegalle,0,,
2025-11-01,Rathnapura,0,,
2025-11-01,Galle,0,,
2025-11-01,Hambantota,0,,
2025-11-01,Matara,0,,
2025-11-01,Badulla,0,,
2025-11-01,Moneragala,0,,
2025-11-01,Colombo,0,,
2025-11-01,Gampaha,0,,
2025-11-01,Kalutara,0,,
2025-12-01,Kandy,0,,
2025-12-01,Matale,0,,
2025-12-01,N eliya,0,,
2025-12-01,Ampara,0,,
2025-12-01,Batticaloa,0,,
2025-12-01,Kalmunai,0,,
2025-12-01,Trincomalee,0,,
2025-12-01,Anuradhapura,0,,
2025-12-01,Polonnaruwa,0,,
2025-12-01,Kurunegala,0,,
2025-12-01,Puttalam,0,,
2025-12-01,Jaffna,0,,
2025-12-01,Kilinochchi,0,,
2025-12-01,Mannar,0,,
2025-12-01,Mullaitivu,0,,
2025-12-01,Vavuniya,0,,
2025-12-01,Kegalle,0,,
2025-12-01,Rathnapura,0,,
2025-12-01,Galle,0,,
2025-12-01,Hambantota,0,,
2025-12-01,Matara,0,,
2025-12-01,Badulla,0,,
2025-12-01,Moneragala,0,,
2025-12-01,Colombo,0,,
2025-12-01,Gampaha,0,,
2025-12-01,Kalutara,0,,